feature 1,feature 2,class
0.424479769210887,2.80891645616673,1
-0.472135570317147,3.07944124361409,1
-2.50728809195317,3.36641636016673,1
-0.720875481256566,2.92723404503075,1
0.15320357777251,3.1183140466365,1
1.89560900603816,3.30211610741948,1
1.77838133895819,3.3681002517794,1
-2.09758664861122,3.40130451648356,1
-0.593623769335776,3.31454590532141,1
-1.04443802083215,3.48760468809464,1
1.26932189586839,3.29069443045954,1
1.78634145885318,3.22834744755418,1
-0.143973523476349,2.86284183731124,1
-0.96339220091657,3.16224304285655,1
-0.50138999465155,2.37436708460739,1
-0.045478546947257,3.26712332998643,1
0.789273933533275,2.46399704945103,1
0.496610729295521,2.77545799158439,1
-1.98902966415022,2.87847880899703,1
-1.93116902743852,2.5963205285691,1
0.40504393794044,2.44935551459561,1
-0.426639349978359,3.21838944890649,1
-2.23149259624333,3.27751250389638,1
1.25345905922929,2.64024716881954,1
-0.458149577280425,3.22312102199849,1
1.67260821828957,3.81729360683498,1
-0.705053860723739,3.38458526334314,1
0.492980926261575,2.71055746331367,1
0.523226961825019,3.30291885247384,1
0.366282493369429,3.43848649857154,1
1.96181275878027,3.22106740323405,1
0.337884196194361,2.94830984326643,1
-0.558452464777764,2.36255385345725,1
0.159873935674574,2.71223461101995,1
1.46301592502295,3.06627407991366,1
-0.271862439362155,2.43712941733396,1
-0.197619160375438,3.23579644786658,1
0.129392435759361,3.18948316797382,1
-1.61192004816217,2.91531106330585,1
-1.63568048248946,2.99414145705468,1
-1.1179075881111,3.08440930687315,1
1.68881073204997,2.71742456948316,1
1.38129371351909,3.32601774800822,1
-1.5249903983607,3.37574230778648,1
-0.998762209839,2.66669454601252,1
-1.57511173213886,3.16114063437829,1
-1.292921388891,2.84664643376195,1
0.640280996135676,2.94226794778614,1
1.2030736352214,2.9443974675442,1
1.6427068381453,2.89311220833475,1
1.16949624089683,3.02539502354086,1
0.760577640553463,2.62772325899456,1
0.575904151720876,2.85966825691697,1
1.37234639871428,3.0838326772323,1
-2.67256028820823,3.35379266219017,1
2.48622433036355,2.98740063065812,1
-0.120988559865544,2.69460358930339,1
1.34903379643016,2.86654295179145,1
1.65700599385912,2.54461910731693,1
3.84546952411436,2.96150923927013,1
-1.72145923597168,2.68178429892297,1
-1.92069394322936,3.02121491959565,1
-2.60999685466527,3.07532836315122,1
0.71819162933712,2.94212545189165,1
1.87104087703663,3.58482404188998,1
2.0092747563005,2.22817032300703,1
-1.3467726606316,2.40681599770571,1
1.72551874458226,3.17671718637288,1
0.534488393784047,3.3031680736539,1
-1.07560448233573,3.18761628211758,1
0.293160254069073,3.47966064449739,1
-0.455205209801025,3.23407204978281,1
0.498603529262744,2.75071815778713,1
0.633655291458904,2.5070677442964,1
-0.95088027649315,2.94279747821878,1
-0.322884305789318,3.10467531693533,1
-0.807817585981719,2.91088349844757,1
0.578856333818502,2.39897990152571,1
-2.42831063217579,2.9209364127627,1
0.884253033728407,3.48071208212474,1
2.22964229656171,2.42183681745383,1
1.30081841787526,2.81722221031897,1
-1.22603245543773,3.31996180079825,1
0.217182926947974,2.44869878378594,1
0.531198208511598,3.20533595612624,1
0.331811225078668,2.84944827092827,1
-0.600711303876757,3.05249274273869,1
-1.53664226257691,3.48690992587335,1
-0.727894295780614,3.20296731132608,1
0.538592111221353,2.98232056385544,1
0.219835049432386,3.14195640278305,1
-0.919168198085486,2.83958169673124,1
2.38688398344832,3.09892965071923,1
-0.176500334236728,3.01705069469556,1
-1.65318692075452,2.75768634424754,1
-1.78287443769372,2.89341520416584,1
-0.69267722183023,3.27759082178166,1
-0.656385592117754,3.16518870117622,1
1.96652616998385,2.94930420904191,1
0.735911718061662,2.62879725527527,1
2.79020768799211,2.98834373538064,1
2.32800126075935,2.80803117735649,1
-0.339064454969014,2.71808642926399,1
0.028670515572099,3.46797467335733,1
-2.43569949883284,2.90171785922514,1
2.11107719260067,2.48069187877071,1
-0.63808783556941,2.4001251183607,1
-0.013209043232448,3.24714019125714,1
0.14071230100103,3.07831561696131,1
0.496840807787104,3.19108401881395,1
-0.630431438179069,3.47551603959526,1
1.44044890485557,2.91550920416666,1
0.885739519468962,2.96460850871213,1
2.52523919695296,2.85008009845113,1
-0.038809540390643,2.5952914057197,1
0.088125755870964,2.6997222967149,1
1.43296427440685,3.20404282376184,1
-0.253563308878787,3.27502677964964,1
-0.278579666860808,2.82195671969205,1
-0.241290616642261,2.53675429859546,1
1.47534393498845,3.28993704107982,1
0.052249881122593,2.36584992714211,1
0.884584811901978,2.83294021909851,1
-1.26876536102066,2.499591935242,1
0.718204939455221,2.79809649464696,1
-0.412949795553264,2.90110752979205,1
1.83126231576485,3.61643479422889,1
0.416056832945777,3.28874528604389,1
0.207218385236891,2.87225093723106,1
1.00026757862312,3.05104510285369,1
3.18767014839039,2.7022039023512,1
2.164834490895,3.04281424215666,1
0.643368876611934,3.07177388081475,1
0.247018537997946,2.78306295475279,1
0.90299283768424,2.93680192552663,1
0.675942324421227,3.25542692192868,1
-0.520163419770042,2.53989011789968,1
0.053090724837175,3.35506440870739,1
-0.33517776508616,3.54609830060801,1
-2.8768757558401,2.66326695280745,1
1.54830694305188,3.1540847489557,1
-2.07003795535211,2.88931144463172,1
-1.36195760792948,2.87230959956062,1
1.60177268457153,2.73699940460134,1
1.32243522558487,2.92926388821154,1
-0.632994208449107,3.17243024815837,1
-2.30518831404151,3.11720254243518,1
-2.02353162672324,2.60925435237263,1
-1.69305465841893,2.95471789094991,1
-0.654988027149403,3.13305667483876,1
-4.13966947412737,3.20858496101975,1
1.0606636910575,3.20812191523405,1
-0.566856322703258,2.34174486273247,1
-0.195850636346092,2.78588286190623,1
-0.616510640408542,2.74886595792559,1
0.263817008882597,2.87703962156178,1
-0.106880496734102,2.8546495437234,1
0.733431742799506,3.35148508561329,1
2.85973533900811,3.16821297510371,1
-2.80768493932639,3.45681177089054,1
0.757262082109317,3.16848246473437,1
-1.92782814799013,2.82847003166624,1
2.72524944044399,3.38441181918335,1
0.014832563635368,2.816873654949,1
-1.74471220554527,2.75209791174951,1
-1.11215272529537,2.90161406961328,1
-0.718482697257866,2.55398624289709,1
-1.99193119142564,2.76631934311459,1
2.07788549080518,2.80499163920705,1
-2.36214430832796,2.63176383593269,1
-0.333272641537646,2.81911427295709,1
-2.47646598664093,2.3792320802825,1
0.686443065066309,2.87498521239995,1
-0.682019730918103,2.96729416327831,1
1.69207840261209,3.56136741026407,1
-1.35838764468639,3.36101854408783,1
0.149113997081688,2.92713590011862,1
-0.89705274039399,2.89328422282699,1
-1.34887333764721,3.30435435195285,1
1.30743535826873,3.14500391487365,1
2.44338272712293,2.76628367284334,1
1.38726109043253,2.95142063443509,1
2.58850228438752,3.02739027379502,1
0.538193933032875,2.59396362939883,1
0.732466979717922,2.95547994279213,1
0.533181410804856,3.52229630668607,1
-0.754212256290237,3.21182081200871,1
1.27582279606035,3.43814676401413,1
-0.695619113852181,2.99180793397102,1
0.443589079572801,3.02767048881392,1
1.72289198614508,3.42950255437495,1
0.106906541719295,2.89906810795786,1
-1.56383992147194,3.02028263474753,1
-0.7771841460711,2.71773843457034,1
-1.83797432306676,2.31183274463588,1
0.784715269489852,2.86591724784649,1
-1.51883927700533,2.98051554287834,1
-1.93039770154225,3.21119915732337,1
1.6017027989787,3.12177064981279,1
-2.40797380504356,2.4747182259426,1
1.20250647851869,3.30458727951682,1
0.261185915014864,3.01631674771165,1
-0.003569888736114,2.79680258351953,1
-1.56835654196111,2.72145379988731,1
-1.0657875737326,2.56575941199732,1
-0.070915557949498,3.08316458535365,1
1.88259868561233,3.29113297643644,1
-1.50890594851431,3.01737156875983,1
0.776776795074726,3.25266046579457,1
-1.2721092933856,2.97050388896253,1
1.09744953657074,3.07940446509473,1
-0.235559113325154,2.8777602481699,1
0.045986296745331,3.51082614778681,1
2.86657361387033,2.79829228130967,1
-0.60653797309438,3.11985309167619,1
2.12116598034266,3.49175755180833,1
-0.447757461226475,3.22818760301028,1
-0.482429289106682,3.28767965848632,1
0.569968873186414,3.01047062247568,1
-2.06097054860362,2.72041884640136,1
-0.270118069029772,2.97453651093743,1
-0.231594950744145,3.34533758021921,1
1.3432894294209,3.28377353693807,1
0.816782644241183,2.87544775627335,1
-3.50527183145066,2.16706651316024,1
0.822816252135624,3.08434701350672,1
0.086773678752528,3.58805422610218,1
0.497753794367843,3.26212741560239,1
-0.92366308100421,3.50194927251494,1
2.29117139764103,3.35288934728907,1
0.246194732500148,2.52235529423707,1
1.34282016655113,2.92932899273954,1
-2.87574486564516,2.94777390663656,1
-1.07862629338003,2.68960455296765,1
0.838661658711768,3.05934592845055,1
-0.161331998161825,2.59704952252705,1
-0.045241749365179,3.1297619816939,1
-1.04400550094935,3.3453525179405,1
-0.460193792234458,2.62997902625176,1
-2.06497710738219,3.00834101934669,1
1.50573077778367,3.25501364848587,1
-0.287726768743335,2.96948007830048,1
2.15652460842879,3.03545170552768,1
1.36370247040611,2.83042988542134,1
0.28743822235275,2.96339006128511,1
0.771846140558822,2.81782799271361,1
0.167334005630031,3.12115601069325,1
-1.8304929539835,2.42688192472987,1
-1.34919111387809,2.36068824759893,1
-0.212445168039029,3.6411784072331,1
-0.171451519591286,2.82279471998493,1
0.089526630101344,2.97057402348936,1
2.24800050770889,3.03582848219726,1
-0.039296812043524,2.69426032145116,1
0.530001619220152,3.54790244149694,1
-0.539042278939946,3.26934003082919,1
0.228627029079644,2.87461362525711,1
0.845543230280675,3.23869718397778,1
-0.581536425953046,3.20714528104394,1
-0.903580831726858,2.66645211451586,1
-2.10449629585404,3.36669860161548,1
-1.2168772977296,3.0680588651738,1
-0.882235817783965,3.27666305212849,1
-0.60413348907614,2.98661753889718,1
-1.59103340624789,3.10364624643381,1
1.39192650574921,2.60670932984549,1
0.095778410195496,3.43480597502026,1
1.37410300551774,2.40575089323483,1
-0.14094514172511,2.49871993356971,1
-1.01074683289546,2.9740134296313,1
-0.233202860345573,2.71095044802536,1
2.18999206481199,3.13581343650476,1
-1.92526332529431,3.17685361202196,1
-0.864116987527991,3.21579207557531,1
-2.20949936735754,3.02579365027576,1
0.61534239342047,3.25491463863262,1
2.15823035421058,3.36280505104852,1
-0.452897315604582,3.23740783823348,1
1.6487788877921,3.32295855589339,1
-0.19369171200337,3.2827077866711,1
0.87112493812951,3.2502230664622,1
-0.084301052781991,3.20485299751534,1
-1.51664866202204,2.97783858353359,1
1.47484126499454,3.07850209190795,1
-2.16368457406522,2.91405965356494,1
1.74932230344444,3.02509571748332,1
0.456541003160252,3.74979951910298,1
-2.07624095809954,3.69337933477766,1
-0.953897577798206,2.74135292079563,1
0.558245455417697,3.26664896744947,1
-0.28876376551461,2.82387656389924,1
-1.50287590152457,2.88573440614901,1
-0.27412579195722,3.21376067294848,1
-0.945178709608918,3.17788210975853,1
-0.575536882107926,3.37401198687634,1
0.086343724060447,2.4517512666303,1
-0.936004032878237,2.38787244310705,1
1.53689622468071,3.45068324765153,1
-2.62484761097904,2.80972071756107,1
-0.512395089474821,3.17541528627776,1
-1.07356552994448,3.44362802209145,1
-0.139631828229466,2.86391265893344,1
-0.707878536919825,2.8071521439336,1
1.31775629401527,3.022543537749,1
0.005294748236104,2.88885578280441,1
-0.996337747112531,3.44805338267466,1
0.763532999511105,2.73252991799974,1
-0.061550208963132,2.64112651287582,1
2.48291221605153,3.19602274548981,1
0.828997439355479,3.03030918753859,1
0.833019605174852,2.8409529480572,1
0.541254221915529,2.99865787683164,1
-0.183929717071306,3.46313875229965,1
0.412274350748443,2.96961887356075,1
-0.586557282875902,3.49435123018772,1
-1.02244995999948,2.78329949524436,1
1.31530433521391,3.52379183480621,1
1.65650707007944,3.1013653151882,1
0.570373202344502,3.47828048692691,1
-0.593141348265317,3.14219320407799,1
2.45010409539188,3.64369610245512,1
-0.429623614521541,2.9082965506884,1
-0.285973212546237,3.15629289978867,1
1.09097924296375,3.32863545868513,1
1.22492036742194,3.22619541488973,1
1.69276293919282,2.60056077937172,1
-0.041109117690908,2.76123335715474,1
1.30624824308397,3.42444593805155,1
-1.22546608778784,2.49516755135819,1
1.56827469973306,1.97283950089204,1
-0.27248865755656,2.71712252920124,1
-2.27125168057958,3.21687549398505,1
0.782698432477334,2.69754840182382,1
1.88199838796595,3.40133480907518,1
1.23599107451842,3.07368338458021,1
0.998725400248274,3.16207396493735,1
-0.607693228309401,3.02615845994419,1
-2.36723942351608,2.28999285578043,1
1.15764484779293,2.77854473389186,1
-0.624756300886948,2.69805484938754,1
0.858633795751618,3.11561860114169,1
-0.363832097867317,3.11137672414378,1
-1.76652965491834,3.07139935545753,1
1.11846341774327,2.6193573388918,1
-0.17500436471191,3.35328450173877,1
-1.21143594882117,3.05438522654787,1
1.84785821044421,3.45127631354223,1
-1.11359408859482,3.00654328629236,1
1.63564567758155,2.85295775342231,1
-1.12222516080182,3.55116454889469,1
-2.06842073470493,3.78746397544967,1
0.801715945141255,2.58954623658414,1
3.58358508020895,3.31089989979284,1
0.679074354205898,2.94995126911818,1
0.473560763786058,3.09482900171651,1
-0.247612811234466,3.10464528083616,1
0.732461072154756,2.63330381479815,1
0.06011151748292,3.13398202669169,1
-0.888020900104841,2.91324860490697,1
-0.417184299264063,2.87188989909855,1
-1.28594893969758,2.43837510613079,1
0.592260427274846,3.11070676777057,1
-0.582903265981116,2.92623640764209,1
0.644224009505221,2.88134953338716,1
-0.7668765028584,3.09052682075006,1
1.0630482444986,3.40387818954384,1
1.58819152929958,2.95590138704078,1
1.60315922799243,3.03422304986456,1
3.52108988558659,2.81723193117413,1
2.64939318188759,3.30738716680707,1
-0.260089605653274,3.13033095815596,1
-1.82004988568917,2.954820630147,1
-0.172807076278046,3.24335984951737,1
-0.061327938036402,2.99119810220551,1
-0.142546298623521,3.28881105339542,1
-1.15718649114387,3.22938970630167,1
-0.955423645112469,3.45406053265233,1
-0.559103183755838,2.94523654090568,1
-0.44519716075811,2.69702779452839,1
-1.00275913385222,2.48945532146623,1
1.20955456398763,2.93437271175311,1
-2.28858871174249,3.02513740867259,1
2.7909851667296,3.22590598122375,1
-1.10198850340216,2.50233257169753,1
-0.017094835195703,3.43109377709831,1
-0.975695010519998,2.29905465584327,1
0.341872351634399,3.12062122669507,1
0.641596566942879,3.78003483009111,1
-1.06073858338466,2.95587259944435,1
-2.08817185316032,3.27262025072218,1
0.015400479090742,3.05597582660496,1
0.137579995173188,2.80515377144173,1
0.646392738496623,2.91350470680758,1
2.03291477364903,2.96962917225519,1
-1.56081409663847,3.30162442541776,1
-1.49886995788085,2.43275143490749,1
-0.73780580141266,2.66173245780034,1
3.15077421373756,3.39274202777201,1
-0.917202237174577,3.12728018213391,1
0.206801235264665,3.21233797181401,1
-1.51766837522199,2.5686445728669,1
0.835500640681552,3.05857609059072,1
1.58698676891133,2.57711754561204,1
1.66324496640322,2.96780114184558,1
0.735884174972478,3.41623990851077,1
-0.54901317375952,3.02420577565161,1
0.833532804064027,2.76317037231453,1
-0.680781322618392,2.93621991705995,1
-2.8186334117221,2.76387226324567,1
1.06054826434037,2.80826515720004,1
0.648108308054641,3.42886687003357,1
-0.646959850825914,3.05520265015446,1
-1.13381608798374,2.43992647388176,1
-2.20111846519157,3.35122293435875,1
-1.86746137356077,2.70715492782273,1
1.81771241897533,3.03250537243583,1
-0.325720905426094,2.93523934324232,1
-0.383225648906773,2.53875971664155,1
0.22998074349339,3.3090646895338,1
1.25470082817788,3.64423410892916,1
-0.052323349380852,2.78689481965951,1
-0.409902834906545,3.35545543412467,1
-0.984917764313334,3.1073228043245,1
1.02813247112963,2.87317768916331,1
-1.07662038407796,3.13846725476274,1
1.12699555526685,2.5656173554539,1
-0.17487364664928,2.8691232025761,1
0.402463094258333,2.92555992057792,1
0.913730447452108,2.63154214975175,1
0.718979231506953,3.05445251979006,1
0.474284026579594,2.93819997695932,1
2.69504474023803,2.78038783775637,1
2.25535069434503,2.921588721504,1
0.603691827164382,2.6958814339403,1
0.651843496140566,3.22755951008324,1
-0.709800655429947,3.29856781608561,1
-1.14987395131226,3.17220382037447,1
-0.410924902848244,3.34121398432035,1
0.32625891728079,3.37481381732271,1
0.728414486976664,2.7142482109238,1
1.6148491711302,2.7370426305482,1
-0.566952282669575,2.81783430218137,1
-0.547731632242657,3.84829305942734,1
-1.69723247141432,3.28917195234763,1
0.259632026273645,3.16872723727906,1
1.22055953100376,3.57119375831683,1
0.900457414960725,3.06314071945733,1
-2.6126806883931,2.74736651077078,1
-1.50460455853743,2.83496646068226,1
-1.73070048760244,3.03907992555122,1
0.643384017844608,3.2511324637732,1
0.014917398025103,2.89849890267838,1
2.14008460902607,3.05102584140617,1
-2.47272811908897,2.95328374680848,1
-0.680572382040242,2.83173095616934,1
1.505082325858,2.71026824336742,1
-0.025347218596964,2.82793447410971,1
-0.039941185182796,3.2964845550422,1
-0.107841026021725,4.07085822222671,1
3.18405292495597,2.83422429061082,1
-0.410105288518405,3.49783320355382,1
0.797272908613257,3.23979967674139,1
-0.587442115028672,3.12186060814581,1
2.14176652959569,2.7914246612603,1
-0.553938923964653,3.100912504357,1
-1.63773936681687,2.46515632885056,1
1.79459403265096,3.49557093145203,1
-0.574585656857392,3.29324116844747,1
-0.058396987030812,3.23307160140219,1
-1.19202263506871,2.91332733809589,1
-0.580788823163756,3.19473913733343,1
-1.75233876287074,3.0815032937036,1
-0.778877988190434,3.15063244054785,1
-0.681415940652369,2.28918291021899,1
0.828659370503038,3.16948554921326,1
-0.166222912500954,3.55223155076884,1
0.491665786604741,2.92847736885026,1
1.33797149977634,2.7316864101504,1
-1.82524498094287,3.13490053348002,1
-0.059284077465217,2.76361273295321,1
1.60573625303972,3.30259477418437,1
-1.98315821678934,2.50785794191244,1
0.714027543175744,2.97381872144571,1
2.89181723837906,3.12968466411049,1
1.42168691020831,2.72125408725453,1
-0.140543775247778,3.11334120365588,1
-0.754576148843263,3.01192980504461,1
0.295389293159375,3.5264108888165,1
0.411861239140134,2.77860425722411,1
-1.10738365339102,2.35986012539118,1
2.41117980855888,3.15148345225289,1
1.15078424396093,3.09006168378047,1
-0.203505616156268,3.20148708289388,1
0.000717598677214,3.15025659950605,1
-2.69281521149128,3.16852067706098,1
2.38255384244854,3.29015224941152,1
-1.43578534101473,2.99158506251164,1
2.35128802223085,3.30370537290942,1
-2.30908621516168,3.410710133293,1
0.896314375042377,2.79501862958299,1
-0.057086841545721,2.70397719936861,1
0.965975706809824,2.89859314206025,1
-0.209634237608389,3.42107365586504,1
-1.10669627252654,3.27810406842209,1
0.80213370801725,2.74343672066609,1
1.71414104422691,2.89712796888684,1
2.21484992652254,3.89236563781159,1
-1.0485387604379,3.78734519556987,1
-2.51416030045437,2.54028507175516,1
-0.164096410354819,3.65881920069851,1
2.53215863292086,3.3194084722957,1
0.793077514264361,3.16618303446362,1
-0.023360185772675,2.70029954549559,1
0.284274897286355,3.12886359849048,1
-1.0330143163186,2.6731674297994,1
-1.09122722011013,3.23964583407723,1
0.910273146868258,3.26890606241883,1
0.024507612732189,3.03923774042583,1
3.47869244644934,3.63520190127258,1
0.912450628578187,2.80394967685404,1
2.28214991332536,2.72188003247416,1
1.84863281567,2.98501476074099,1
-0.956966586233843,2.61205303851395,1
0.470419511552642,2.99287320283376,1
-0.56870298855711,3.01389157752387,1
2.48497628520282,3.24944654582983,1
-1.39600546882994,3.19961748253479,1
0.245072832275014,2.83881597016206,1
-1.5859526651423,2.62960690892487,1
-1.85161739940009,2.99254438373502,1
-0.220236310144976,3.26000355531469,1
0.900561645214095,2.880200261875,1
-0.42667442333716,2.89675978468204,1
-0.695913065844594,3.55245685605034,1
2.50780312962612,2.69818015261823,1
1.19054179623949,3.20541730947559,1
-1.5747995017523,2.69463615375689,1
0.749293361293229,2.85090497848544,1
-0.459603683758295,3.13343689457104,1
-0.229963609184204,3.02228102025783,1
2.11356487947725,3.33372081779218,1
-3.44654377188592,2.77349091092295,1
0.515749298631605,2.73028635355037,1
2.80093298077517,2.96194824789452,1
-1.13162461939584,2.82504760988731,1
1.06571016238007,3.17961370352672,1
-0.88747918559376,2.70094370183071,1
1.24519356744449,3.11609147413262,1
-2.28037576484314,3.306455093375,1
-2.00481144115998,2.47926375883872,1
-1.24158130979313,2.78678884280611,1
1.53991499071747,2.88131902060178,1
1.58611820335678,2.69311823444878,1
-0.932273430922194,2.75718129457602,1
-2.02675898561101,2.69863365082286,1
1.00394710689837,3.5967182108191,1
2.04706747732678,3.00555036848901,1
-1.65267839984932,2.97740805221663,1
-0.228446162372259,2.97902217083253,1
0.899380235038382,3.18740394587736,1
-0.351426540638592,3.41826603276442,1
-0.437301539244803,2.61096123333236,1
1.54921811819307,3.19247844518216,1
0.764654735024013,3.19939933873305,1
-2.45274665717963,2.69210695186459,1
-0.789052804425934,3.10976219462987,1
3.08700822462442,3.25536870898467,1
-0.908211137635499,3.42858758821562,1
1.40555139090043,2.94441650923488,1
0.474499350029696,2.8804208667338,1
0.319216330507792,3.69691779444026,1
-1.2447184737274,2.79351072979859,1
1.3166687666118,3.69838871206222,1
-0.885111731674535,3.28135294970127,1
3.50687447538584,3.34550413011656,1
-1.12195616579872,2.6285066541625,1
0.166382253086602,3.29098605405815,1
-0.757905311697018,3.40278390326351,1
0.227912486265077,2.98158777667504,1
0.679266764367307,2.77616735449761,1
-2.01033233163659,2.98576277555076,1
0.031037355906653,3.09127947348925,1
0.37409361955913,3.67433366241855,1
-1.31357756339563,2.44241389734992,1
1.47620912117983,2.94693754734715,1
0.845889368739041,3.33919582300933,1
1.43740579907202,3.24396559895071,1
0.841887720681108,3.09974219041168,1
-0.168985571858703,3.48313703988498,1
-2.17220201130555,2.69560152256852,1
-0.266396676929752,3.13100837789976,1
-1.73304830732721,2.87033339738623,1
0.284799633145854,3.22896052812766,1
-0.710132728275403,2.63612243113549,1
-0.051675879653869,3.15197831224111,1
0.076858649638244,3.2255593076913,1
3.16647853932483,3.18235982238862,1
-0.884858833307445,3.0549384377368,1
1.56575356919547,2.94049905612331,1
-0.509387225040856,3.20487458182172,1
-1.77436573226327,3.11892772143845,1
1.63453649834384,2.08735306753309,1
-2.4428514321015,2.82529774150315,1
0.723671044460256,3.14594073654082,1
-1.43635660877676,2.76343932918284,1
0.356681007595587,2.68749793650368,1
3.29215585048287,3.10268856770637,1
2.97471071123453,3.72294408671189,1
0.854344107672749,3.32498534046865,1
0.8305902682008,3.17703590622809,1
-0.412321280556255,3.37706994985192,1
-0.536579134679385,3.0896116801084,1
1.23577026255354,2.91156576448079,1
-1.3363129721865,2.53502416846374,1
-0.242706800828436,3.30210954242403,1
3.20532594416646,2.98355701082267,1
0.117290637817731,2.86654242901021,1
-0.635678692424435,3.15021571588117,1
-2.9457886023409,2.69657590461698,1
-0.339076820732077,3.3471790624651,1
-0.560074964839135,3.43949813656777,1
-0.592801186295194,2.93665820429383,1
-0.663832389179029,2.42271736249044,1
0.032799179360394,3.36273222528745,1
1.78911462928677,3.10507468624637,1
-1.54931727631787,3.09465245966034,1
0.191449883848828,2.54108941074499,1
0.003867687025528,3.10728881411231,1
-1.66165742267092,2.69468236334671,1
2.30311035839353,3.69382614491245,1
2.11431530185633,3.38729593229846,1
1.05868672901557,2.70793077163727,1
-0.401997285977101,2.5898235791066,1
-1.54821548434883,3.19650900580942,1
0.790727390791891,3.02048477425563,1
0.906661979076466,3.15734626161553,1
0.078828871960379,3.24288149726959,1
-1.98010934408309,2.67784977042217,1
2.40642397425152,3.3904321915783,1
-2.03350015042855,2.58204730524738,1
0.534563910391554,3.08786138443126,1
-0.40371673748741,2.6211431079094,1
-4.00246813420557,3.14327775545614,1
0.173814881036978,3.30510107455952,1
-1.31439718166242,3.29523976990085,1
1.37041785586384,3.60017225177033,1
0.921708386933777,3.12569373765996,1
-2.36871452282089,2.44288600410824,1
-0.626079987982033,3.06654749888523,1
0.233675781433132,3.62801808045842,1
0.292141140746583,3.69492708009617,1
2.0237750690473,3.2392078572475,1
-1.38899748578351,3.26738196445541,1
0.054041704941471,3.03238347665772,1
0.209727806918233,2.69054938142547,1
-1.25300412557639,3.16949620450189,1
1.60800249434578,3.12667584552217,1
-1.96161492844491,2.65899081452881,1
0.823435743356435,2.98698136437525,1
-1.23488302875289,3.10679449810101,1
0.700454387745539,2.8453417351765,1
-1.34997581973733,3.72715794884239,1
0.43398604511603,2.81276050923697,1
-3.00886966356453,2.71376019943896,1
-2.10572694492206,3.40816654888489,1
-0.930842644767333,2.78036277039889,1
0.243961810278264,2.43228437124342,1
0.206111641843537,3.41860784065426,1
-0.057107534859157,3.19946488891608,1
-1.25108665665425,3.38477286962137,1
-0.687837247797625,2.80374996875808,1
-2.1177758235734,2.95630513658797,1
-1.79401950811476,2.54674703918462,1
-3.75975113276577,3.10772252294037,1
0.256462892345812,3.1907246209081,1
0.198395088918076,2.7990493658433,1
0.319048903106765,2.63711126427358,1
-1.70684495370506,3.21869487069781,1
0.45208069068391,2.70594150820022,1
0.512156782385859,3.00866758310374,1
0.258074066224304,2.87447839975087,1
3.5011401756141,3.06399814724012,1
-1.28438878759928,2.28507479855748,1
-0.274988550086904,2.76606383639928,1
-1.92187631505209,3.11343165607415,1
1.74836807045994,3.36465247453394,1
2.36539992251125,3.17700573140578,1
-2.22330365788787,3.34004389035577,1
-0.186314375581679,2.76228794521963,1
2.78601792870987,3.27460001928052,1
0.261559763192,3.12418391825712,1
0.07897344750148,2.87960610000872,1
0.870805373602985,2.43510230402628,1
0.964043748164539,2.91806486239234,1
-1.56622837535808,2.82643283066436,1
0.369827061449994,3.11745154447585,1
-0.756907740427509,3.01203224074569,1
-2.10606729853039,3.32128354562381,1
-1.67451679857664,3.50000151159918,1
0.05562986399684,2.23817921097822,1
-0.420706277502807,2.67021046907565,1
-1.59461365093906,2.75519618343328,1
0.772881773382057,2.8816585027084,1
-1.1629743762555,2.77426866695068,1
1.64482550318063,3.30279129649707,1
1.23998069383002,3.78652225272575,1
-0.502861313910985,3.10515422746547,1
1.2849104042401,3.02577096995564,1
0.327794848842909,2.77014138250092,1
-0.23151472441715,3.37135350415359,1
0.607586218619728,2.83199030495863,1
-0.372278417611006,2.79791121968641,1
-1.90971417830827,2.77773520435654,1
1.22357279834719,3.12943920859143,1
0.510847784534937,2.74797874788382,1
-0.912736546250604,2.28347383524002,1
0.402564565229853,3.28794817018534,1
0.054477562956256,2.28434423192112,1
-2.18025265570885,2.76655239582869,1
-3.05537193564589,2.87913483753615,1
-0.283103204204279,2.42858896385484,1
-3.50066135310413,3.1043238236289,1
0.285341857059879,3.01939225352532,1
-2.05128247226163,2.41209975338373,1
0.430434800482165,3.49454868324482,1
-1.78206257210656,2.75407203767319,1
-1.73249484623917,2.90608170437093,1
1.81805058772959,3.15143947058402,1
-0.048507923822466,3.62860908921785,1
-1.58732250577276,3.02838547182156,1
0.247994007730677,3.1195719523119,1
-0.553792894444629,2.39353648474563,1
-0.642078268916635,2.98453314124635,1
-0.458382661790988,3.01415909412317,1
-3.174804659307,3.14278168229747,1
-2.3328436347839,2.37181495920518,1
-1.9123991328185,2.90622036840959,1
0.714092188208942,3.14529145210617,1
-0.137626853859667,2.63001362005534,1
0.456971863146856,2.81193968398177,1
-1.15857999636407,2.86328909757008,1
-2.3944923476283,3.12001788248536,1
0.550009429467458,2.35690253215559,1
1.60168572041884,3.64034805097092,1
-0.220317918130101,2.35841358606852,1
1.6355115039819,3.03098771032335,1
0.263066207883541,2.79070032591482,1
1.7415184257734,2.91849451421846,1
-1.02707449941792,3.10344112254308,1
-0.885688316433118,3.21053465569676,1
0.656809725237706,2.77674147348819,1
1.74672225829988,2.99584208540187,1
0.214428291617994,3.54580022841037,1
1.56914496858991,2.35750949837074,1
-0.080916992178923,3.42712514147725,1
-2.48816892301939,2.25843697203595,1
-1.78991303159361,3.1865413949172,1
0.968530353460485,3.09605311097392,1
1.0803981748886,2.56380325142482,1
-0.021127355727579,3.18143708077303,1
-0.411995654432782,2.28551719342606,1
0.689980053414666,2.68464844589913,1
-1.06671154467365,3.39160646253695,1
-0.025586796780858,2.40498235152792,1
-1.83552296555711,3.16063090039884,1
0.533532986489455,2.77755513714096,1
-2.16384157660439,2.63900770650765,1
0.506173058696786,3.31879490306746,1
1.98828774323163,2.85183049066194,1
1.02083036211311,2.99455833338934,1
-0.886187615363532,2.98420985506914,1
-1.10686641346294,2.93671376747137,1
-0.475307995971305,3.11881632345319,1
3.65494062663355,3.1650559145647,1
2.63809472572641,2.87852376808163,1
0.454102830745669,3.42996803390551,1
0.30496180068293,2.68981472153202,1
0.547003213936361,2.82571389710631,1
2.85846669654973,2.86715156515264,1
0.514375412261577,3.70895717368373,1
-0.455206116434942,2.97642539447836,1
-2.14948595200891,2.59992038013211,1
2.30269427441162,3.30548533521904,1
-0.080792513008441,2.99199522165454,1
0.519242084002186,3.02716934004392,1
1.10392456895909,3.03503543776988,1
-2.21496747667661,3.01264993397346,1
1.28384889798689,2.95861612854722,1
0.570576929748322,3.08062063392861,1
2.65084780706693,3.17752429226702,1
-0.830644198398047,2.99845225165708,1
-1.00907152514417,2.96428564899963,1
3.61266999414878,3.39600975197524,1
0.44775082002642,3.34423858441946,1
0.716616805448827,3.32072514052344,1
1.07991526895969,2.95477025742628,1
-1.62283135643586,3.06383530235598,1
1.21810074610107,2.79349943785247,1
1.56124105741575,3.08627442580708,1
-1.5199901145871,3.03593711572201,1
1.26497647820492,2.58667917537826,1
-2.28681617010587,3.0577840278753,1
0.473194465882994,2.5224004589436,1
0.730130499193745,2.59135437186447,1
-2.66203515393375,2.44245348570792,1
-0.357092712427863,3.08920918300903,1
-1.69563292340708,3.0833802975735,1
0.739925874465917,3.15592956196517,1
0.350454346248314,2.72929668624473,1
0.002282593084154,2.91257897432664,1
-0.51009294989215,3.11849699056031,1
-1.01117445246335,3.31465929091589,1
-1.27159743346227,3.08954581798279,1
-0.235800160586612,2.95105732765148,1
-0.989638576622001,2.74058869306199,1
-3.08442525798655,2.25448739679987,1
-1.78394851573875,3.05161347033132,1
-0.799044148722645,2.44458907163135,1
-1.8726054858537,2.81678314260987,1
0.736701336090641,3.16592962213308,1
-0.851270074516308,3.47077121708514,1
0.856408646949372,2.95871842128959,1
-1.07531707664073,2.77312621008842,1
-0.332445262533209,3.18851730367579,1
-0.358390507666408,2.86571668978247,1
0.611533280286749,3.21980364261886,1
-0.377521470838888,2.80820715489696,1
1.40548746507167,3.52293750255142,1
-3.59663396439479,2.95479079352451,1
0.693196611023147,3.04633734828842,1
2.70196663964302,3.60306417084713,1
0.409144517649887,3.13319461381735,1
0.045031532476675,3.25826384095393,1
-0.19824507736767,3.23807515191776,1
0.859557372090336,2.96199564226439,1
0.269831018403675,3.15344592653842,1
1.2322062927067,2.87544279212828,1
1.62973839150719,2.77775914456517,1
-1.92973137722027,3.19092863805121,1
0.815348687874769,2.48108047608576,1
-1.34758416614695,3.12506837676971,1
-0.047351671288974,3.14676702422842,1
-0.56105410537644,3.08107198533472,1
0.455813707278204,2.94092772377854,1
2.802599137593,3.34626351189802,1
0.423743165723794,2.99719553379463,1
-1.54834788064935,3.05367430593379,1
-0.222628096527445,2.96319147638061,1
-2.10008994057232,2.84694546884313,1
-0.6156816704889,2.84673662692103,1
-0.974406442529959,2.88291291956117,1
2.80810095522784,3.25748729976727,1
-0.563613529043682,3.07804180419416,1
0.533277660411268,3.22594633800904,1
1.42379608988095,3.45751112479593,1
-1.143332449563,2.81766907580184,1
-0.512052779539728,3.02468142627885,1
-2.59333405440195,2.97890020194421,1
-1.50513822064072,2.46635796463118,1
0.707740621214355,3.06516703501271,1
0.979135566060383,3.03084417143917,1
-0.51586579435248,2.70477723629251,1
-1.09249854335934,3.50168028685823,1
0.253307815996197,2.29924089500783,1
0.2227365923882,2.95279566381855,1
-0.258097378783829,3.45410091120036,1
1.14693847245081,2.5282965656118,1
-1.23687556958739,2.78095873827877,1
-0.277723780002311,2.94155726103896,1
0.14174454883335,2.92318412168837,1
3.39503425228737,3.49177320854281,1
1.73146260313238,2.80524553160041,1
-0.001377882161548,3.04710780170421,1
-0.587921052412726,3.00743887360358,1
-1.59509663164562,2.9565034693496,1
0.460010756083378,3.88342747212367,1
-1.25164127869989,2.77249884598116,1
-0.268016441359359,3.4458193480952,1
-4.10509873453187,2.75214460292986,1
1.06193460498618,3.30575986863426,1
-0.133164148428661,3.66935699625496,1
0.225037992667805,2.92115341845901,1
-0.364714172582644,3.13879791412474,1
1.92582968630132,2.66401461966542,1
-0.180590586328473,3.57805558646959,1
0.76381886581674,3.66977094174671,1
0.231957643134847,2.46006401857382,1
0.31010023766945,3.17370706047263,1
0.45908104920749,3.39125683292959,1
-0.938074195963455,3.36352437144446,1
1.60540258619723,3.2784656334451,1
-3.15275503507,2.79086456082334,1
0.429543316200556,3.12771725840766,1
-0.417227087414412,2.68820401380863,1
0.507316923677333,3.10475399360705,1
0.189782592790277,3.21838485292297,1
-0.514577435376497,2.87722120482544,1
-2.63112434624856,2.86665008738702,1
-0.513410155353441,2.92694219200504,1
-0.219639340336931,2.8471860121645,1
-1.96065348164279,3.07721867633995,1
-0.471313403520398,2.50889879147126,1
0.119166839690101,2.54634999666966,1
1.29260926975129,2.47749326485301,1
-0.138440903130837,3.01366421740241,1
-0.11864065834458,2.63813447736633,1
-0.643585828119751,2.8268861931131,1
2.67709637120333,3.53671366010487,1
-1.76111843696416,2.57756620222577,1
1.38238452907085,2.88300290683267,1
-0.733865072519817,2.63002728359016,1
0.463111766449919,2.79173147698778,1
0.185933555268905,3.07489942997843,1
0.231716825810876,3.62063448859676,1
-1.01192515742985,2.97665927514445,1
1.3456120336389,2.7161638603543,1
-1.23882967654931,2.83760778792741,1
-1.25603998927381,2.97302490119527,1
0.480347265032252,3.06238005471207,1
-1.78342825488875,2.54373683442392,1
1.12138051105077,2.7940851840659,1
-1.71284181137427,2.89505161970839,1
-0.376665395739828,3.09281652788063,1
-1.34422347478671,2.72376620815958,1
0.040241671566379,3.40574558052034,1
-1.6955782536692,2.5660803786073,1
-0.321379869970457,3.1496671922729,1
3.40640788147625,2.90417170050694,1
-0.826773988932352,3.75810809384159,1
-0.850435115391416,3.04079025612902,1
4.57170576100061,3.45281808597486,1
0.913072597353905,2.98487726635154,1
-1.65945359780748,2.70608576792981,1
-3.53645566316887,2.65331236495246,1
-0.54367656000977,3.2185419240335,1
1.57588105678611,2.88737434829282,1
0.039795465361537,2.90701904360011,1
-0.005027329823562,3.49220347452197,1
0.958915823852806,3.29145421844562,1
-0.704642549240669,2.88925185408221,1
1.10332478109234,2.66887412866255,1
0.308166918209541,2.78525813871123,1
1.0226816012979,3.21244692834192,1
0.650548900080918,2.87400304389476,1
-1.31457451652785,3.36318712478221,1
-0.111360765511205,2.73452780006282,1
-0.709784752976252,3.14564706420649,1
-2.73578683978424,2.98209807645126,1
2.73306300427424,3.35733057408363,1
0.916516419222336,3.22632467985947,1
-0.085721107174595,3.67094342068159,1
-0.820067043018907,2.27052088664441,1
-0.824457156363171,2.58882627004658,1
0.282942490260223,2.84583516190086,1
-1.02096466776593,2.85120001236938,1
-0.836383544820759,3.24322318091347,1
1.21925082207875,3.40316452958372,1
-0.502499014499682,2.87868180493986,1
-2.21480412668818,2.4419346536041,1
-0.077698828516198,3.23525209272688,1
-0.763944481529322,3.42901262638041,1
0.900585854109524,2.99654800597138,1
0.631426736213523,3.01618242607483,1
-1.73622753984368,2.99008233297176,1
2.0310359330849,3.63069489663248,1
0.768291436895942,3.04459290366162,1
-1.91446648258529,3.14814984881139,1
0.426856678891831,2.57899829600322,1
-0.608080989010455,3.18091090348518,1
1.38549660301167,3.11699580943927,1
-0.943867818436218,2.7949065893636,1
-2.27738723725149,2.92592214745177,1
1.70916383997556,3.1619268241569,1
-1.52667115150379,2.89909294291711,1
-0.231532561317169,2.7577830105492,1
-0.651331894735854,2.96541180883863,1
0.029517749926846,3.09378240917471,1
-3.68116626749848,3.3115388521269,1
-2.48211563745082,2.60436065525369,1
0.806601585557126,2.9721485940919,1
0.288580109247755,3.27443533327205,1
0.038648785272183,3.00826276671342,1
-2.20088451942407,2.58132679979619,1
0.920056939116428,3.51863260377761,1
-2.81818230667998,3.3417176072704,1
-1.00269649592132,2.43645240964631,1
0.088152102981759,2.94345841264817,1
0.248974227592991,2.43438927318052,1
-0.205255725514084,3.59675210427968,1
0.159828542119914,2.68990119590047,1
1.46841910775466,3.14544820493215,1
-1.8499356823468,2.92510975432613,1
-1.36461061337346,3.25703224390982,1
1.31487912627675,2.79845696743452,1
0.248313735629803,3.27784678316267,1
-1.41152827725543,3.01650438050567,1
0.102041152067062,2.79930936121616,1
-2.18740019209986,2.22357005142083,1
1.14281203767039,2.49420921884647,1
0.785887248188393,3.01579400450883,1
5.01035097695446,1.09380522728576,2
6.54412680783526,0.571392110295963,2
0.41720328005108,0.16508162124395,2
4.28625849258665,1.12937613234716,2
-1.2649820137265,-1.45204080623339,2
-3.27003868037187,-0.80045582700455,2
2.64189529697139,0.447351583073131,2
1.31702439913609,0.209265205754124,2
-2.09453514787549,0.815966602954358,2
-0.6889935257434,-1.85043645365332,2
-3.07132248422236,-1.22767944603563,2
9.32013558690515,-1.54142949129629,2
-4.24162601621959,-1.7671700946347,2
-0.314255454306221,0.227306257570869,2
0.718247789380451,1.2823281577035,2
0.744525595416534,-1.95564720251226,2
-0.60401306530687,-1.31624879502414,2
-3.63765811977772,0.04552323922974,2
4.87539538347527,0.125921914611025,2
-4.20066975406409,1.22100659935776,2
-6.22415952087064,1.88555639439102,2
-6.70384797014575,-0.28518835958728,2
5.29327594899154,-0.550470179728334,2
-1.43645174188938,-0.16195410251998,2
0.969694661109533,0.545996968913569,2
-5.71642302702428,-0.282260707172226,2
-5.01587167878326,-0.059469298215809,2
8.68390013022995,-0.69401281464952,2
-1.11266032596364,-0.97510993099303,2
-4.80677327012112,-0.546520507095003,2
2.89230708336594,0.333821454479221,2
5.62878950230457,0.252475469125908,2
-6.2614797856673,-0.864768926078468,2
5.41495164541797,0.864146508373504,2
0.197963600002804,-1.25311431547397,2
1.07810828104671,0.00437364225496,2
-0.206609841877505,-1.6376058695926,2
-0.515919000604113,-0.070352241131161,2
4.95843423104422,2.23445810626503,2
-2.06868938938494,-0.939695146837238,2
4.83583651701052,-0.07449920880704,2
0.419703700513086,0.856325468459789,2
-2.02247300130906,-0.213880221331371,2
2.73509539881124,-0.567337043967022,2
-0.700543904295463,1.36293401181197,2
-2.45595271923533,0.134370543213642,2
-4.12469009463579,2.39044654108991,2
4.06373670450357,1.95412363287195,2
2.64114055413363,-0.971455568695033,2
4.57229722802221,0.625904679516559,2
4.67992005193595,1.56760257987232,2
1.78615401939644,0.37719727813532,2
-1.99845475049889,-0.111404093408665,2
-8.97750220542703,-0.629562186041562,2
-6.29357497731329,-1.30487725837243,2
5.09072354795322,-1.05423383070528,2
-2.97590578221913,0.458716966365144,2
6.72650482086912,-0.461630252072245,2
-8.54637482244801,-0.680818837121271,2
5.78016023271719,-0.052728082472917,2
-3.76625081707302,-0.693685944870279,2
1.49588550414426,0.031455228449729,2
-2.22193034245215,1.6664826044152,2
-3.55146676516179,-0.137113875359339,2
5.17846360163243,1.02648168322403,2
-1.37223021971118,-2.12720739949698,2
-2.79944919999156,-1.51102770230317,2
0.038123979678355,0.496630290168811,2
0.531055301361298,0.660941048544104,2
-7.82283280112787,-0.988579414380556,2
-6.10792060512311,0.971440740073393,2
5.17176253706256,-0.718319669896104,2
0.873430550975101,-0.192983688451882,2
5.13933358261401,0.615730391191792,2
-2.75413201364354,-0.076172476114615,2
4.32565965393788,-1.14055301069822,2
1.11078437585229,1.67384701972203,2
3.61614311839732,2.46844152141541,2
5.15567905995943,0.476625828412409,2
0.227755767895626,-2.07295000645034,2
4.44484537531645,0.974918331404695,2
2.20744267747826,0.76253928258884,2
1.84796838319635,-0.233397284409522,2
0.790589157162798,-1.48808650142721,2
-0.604854595139239,-0.81732816037888,2
-3.64026377595257,-0.671314679458084,2
2.2182147969774,-0.454381310956239,2
3.91728980200071,-0.785178589676308,2
-0.978805060811084,-0.345927454265233,2
-11.2898494302706,-0.972237895136924,2
-3.30017909302619,-2.43320043010962,2
-6.793247009972,-1.55274434938807,2
-0.566594661590472,-1.50515663973347,2
6.96003688918151,1.31087061366548,2
-4.54962568311691,0.182910041630085,2
3.24560250190635,0.478136517729026,2
1.83224701469815,1.33594122149833,2
1.89764036846978,0.838429428959106,2
-3.04797931023142,0.149602785454745,2
-0.793314958861385,-0.032720635669603,2
1.58352916252763,-0.709551641053019,2
-0.901612499625511,0.43744607333191,2
-0.317478982657354,-0.126907288893352,2
-2.32215987130496,-0.888023676858427,2
5.1338626459368,-1.56497181073041,2
1.97948681288884,1.2221041810296,2
-1.60047188891856,0.585608127885066,2
-0.023962358924902,0.475057823299399,2
8.64386208320792,-0.039706611080314,2
-4.47240239734304,-0.259609077660573,2
0.852649980965225,0.885107083569682,2
-4.14712109193163,0.466502697225154,2
-5.17074647289945,-1.16645240308663,2
0.391900368057275,0.507429043301587,2
2.42962621929709,1.99213912182364,2
0.347016886683121,0.402412766462009,2
0.302831878913147,-0.349347423944164,2
-0.895856008546474,-0.693024618055736,2
-0.222139515763814,0.963666658166274,2
1.90564268646823,1.73255084779296,2
2.92711228451559,-0.656208894536389,2
-7.51816587547095,0.767078437994315,2
0.713622503481592,-0.481743528934999,2
-2.66351228832193,-0.696227986776538,2
1.97932317535023,0.329212999059983,2
5.50440990581653,-0.969321874372043,2
-0.019242546376487,-0.002265039898075,2
-0.967693654908307,0.209626639189591,2
2.14159026351325,-2.72505645964167,2
-6.26206245084229,-0.561371004223284,2
1.29387279960701,0.835752505534993,2
3.11274116107728,-0.042022918092174,2
-2.85436211535338,0.115665765477936,2
-1.8401975764821,1.66857474725099,2
-2.41098106244861,0.469183057535266,2
0.991201789407651,1.28368662093553,2
5.52935628498026,0.805440255058166,2
1.29229211268681,0.067275108495773,2
-1.2635336215485,-1.12002600728041,2
-2.84523541620636,-1.27092679734715,2
-3.55154899541758,1.4544975467637,2
-0.115009855536323,-0.420063573268628,2
-0.610554157391041,-0.470335072334062,2
5.7753928696472,0.527484835764722,2
-0.027226586736132,0.10393732820606,2
0.364925036903042,-0.428559828958666,2
-2.81030567251945,1.64561354565649,2
1.54721867145082,-1.87830614539761,2
0.780192534122614,-0.555614668555072,2
-5.97537193854776,-0.985550059321145,2
-2.50104077173595,0.449538178620778,2
4.21656884749955,2.04740154576673,2
-7.35729362877209,1.83672712010928,2
-2.45554797713787,-0.282582148172498,2
-2.63887523083504,-0.49325700334854,2
3.13900626721992,1.26588356178073,2
-5.10600072847239,-1.62170209900677,2
2.38398006395471,-0.210600847541248,2
-3.99736969569928,-0.163646730359782,2
-1.74766153329679,-0.229644130769703,2
-10.6180109915692,-1.55603972962524,2
4.62990893946611,-0.905586848802678,2
-3.75278639606811,0.929155755475338,2
-5.1911832335575,-0.508876836055679,2
0.115668867968257,-0.574147868764536,2
-5.10591757484493,-0.890526925153518,2
-3.72781632359395,-1.0283688933443,2
0.691400336347335,0.252390611037284,2
-0.669440002091368,-0.241974536232774,2
-7.65339756855817,0.020740636547626,2
5.1484785506419,0.796024887053315,2
0.447226631212485,2.27291097523173,2
-5.08756876080647,-1.75928090825644,2
-9.34442952419574,-1.13617677165504,2
-1.87095864239394,2.81385141038755,2
3.63730882385969,2.51289255602168,2
-2.04403216737622,-0.706089104270791,2
2.35560253692517,0.540481950559267,2
6.62851607203414,-0.907656832518716,2
1.05557617568931,1.35889896846047,2
0.873555151091791,0.443442192465834,2
1.60169742261849,0.640275667072404,2
4.02808531695592,0.254680851824399,2
3.50507781936422,0.593447632347467,2
4.6922579257661,0.316337077995525,2
-0.374146669139038,0.212784843973339,2
-4.23701046319351,1.64360256438305,2
3.20944552700726,-1.71678338426432,2
-8.01477676944396,-1.00174391110974,2
-2.97424125742072,1.65996768435476,2
2.79649652008184,-0.0782729219141,2
0.120636098069011,0.183086520372422,2
8.12220437908718,-0.970545260342471,2
-0.456466127752965,2.56881427550218,2
6.26598111799622,1.32635813342339,2
-1.32422680215967,0.008904483838292,2
-1.61503698980342,0.138056120495612,2
4.39393061525154,-1.9658339675739,2
-2.01655471012068,0.89966775677294,2
-6.86400097145298,0.363985199560068,2
10.7546685701508,-0.471277224857318,2
6.59427585166207,0.513631839640189,2
3.63388692635718,0.870108951766122,2
1.71141141012743,-2.21262567097055,2
-5.48754465220094,0.051677614510717,2
-0.407197749131806,0.28258811339754,2
1.76890684002414,1.02529792262133,2
-4.10046677686462,0.155192016502864,2
3.23341038533476,-0.981766898442971,2
-6.76024379003975,-0.497145520365461,2
0.615280690892925,0.266232432651479,2
0.716944450683928,-0.463657397786418,2
7.86098373857388,0.553719587503294,2
2.21295987048317,1.0796825713288,2
1.0118632056941,1.96588854869624,2
-4.55519575872248,1.10297631090864,2
0.981193477087164,0.291561386544088,2
-1.08570454957924,-1.42250566450884,2
-0.637658147552279,2.18410079396186,2
-3.41888498001357,0.418153122486799,2
3.60466243495516,2.6859749167572,2
5.10955317560182,3.29689625395907,2
1.94857200596599,-1.22406414307958,2
10.2120381457939,1.4734314851576,2
-2.38912230551418,1.38062880346766,2
2.15912479875998,-0.797184810867736,2
-3.18244312093288,0.018981921610189,2
-3.43803194603567,0.342186798298598,2
-3.49626176582166,-1.0030460218126,2
-6.1307054056929,0.73161544295871,2
-1.79147192863289,-1.10752575733795,2
-4.05316496771868,-0.892480107209691,2
-2.02072720240093,0.132749379227565,2
0.070205777741469,1.06109642513363,2
0.585720121913538,0.363480043325095,2
-1.52388456977015,-1.56864145738698,2
-4.38100093426704,-0.687511565560061,2
2.07859486486718,0.638209444904207,2
4.98910326142017,0.431121683161859,2
-4.56556982684329,-1.44834992603992,2
3.74330443156844,1.54920338989733,2
-0.900712383910848,-0.97340027127459,2
3.66215894940423,-0.41757705107316,2
5.47317093727769,0.015256657208612,2
2.45131043354313,3.31339394496167,2
-3.01462022356866,0.114881752105758,2
-3.13660095949266,0.297397904265514,2
-1.16281486707707,-0.494856748142967,2
3.81342074079559,0.762000973276915,2
-4.3411306801636,-0.494453554532835,2
-1.77391431090944,0.86349160708277,2
3.5666594079381,-0.11234050907991,2
-0.164074826051709,-0.948950259552659,2
-1.45784234190904,-0.982555715041023,2
5.38105069977578,1.31247050800567,2
0.918214231478092,-0.121642644409526,2
-1.77518353518881,1.34863221322295,2
12.0342422377006,1.90927303143218,2
2.46078261033232,0.140485817119117,2
6.29593854081317,0.074543978824235,2
-1.56765818785984,0.582557798058249,2
0.066056354462536,-0.207875198562528,2
-1.94176094546505,-0.540030227372471,2
2.08259134285426,0.491038954666757,2
-2.58548955595401,-2.32793571203944,2
-2.8720520057123,-1.37180494912483,2
-3.0469420136979,0.689974075914413,2
-1.28445745947921,0.37431507802568,2
-7.26044272086418,1.77893553737549,2
-0.82125446794074,0.576488454209166,2
3.11978927484851,0.176313039861395,2
2.03498304269923,1.5126793957439,2
1.02957761118437,-0.416887668592595,2
-1.74158250583201,0.335082060733691,2
2.29130442200519,0.667808242869564,2
0.269551571925867,-1.14987233780162,2
2.19345072986608,1.3474356522713,2
2.38835943490141,-0.034765766188432,2
-0.630266574486661,-0.435778408015163,2
4.76306318915289,-0.00564315964885,2
-1.84785452129179,1.12236326564766,2
2.31248883415021,0.921812144562951,2
-0.998824154071403,0.548979544695836,2
4.12155743207476,0.06448012050475,2
-5.86118855024482,-1.23737334327932,2
-0.925784037185706,0.458726655618508,2
4.43372464159882,-0.914229608309969,2
-0.937116616972785,1.49145903746479,2
-3.22274739025465,0.115097055105694,2
-4.32600727934107,0.590759657646083,2
-2.9606862839945,0.72965342582367,2
3.21124915998616,-0.518739626373618,2
4.16593598720593,0.742822241021363,2
2.14189582321185,0.077963178863378,2
4.25111261698655,-0.893631268780028,2
2.2981737264659,-1.01256496563487,2
-1.71800763818923,0.029711936913134,2
4.33808374693398,-1.63275302963642,2
-2.67578030096462,-0.117167976010707,2
0.287241140658536,-0.036296432153139,2
-0.855291543134418,0.754014938092554,2
0.203591580952105,-0.14943469798995,2
4.28047752732959,-0.11872795826725,2
-0.237979090362126,-0.167736912342596,2
-5.61932547135624,0.816530460777833,2
-0.65626632070809,1.64233982153636,2
6.7202095667972,0.772928792962619,2
9.21665161176881,1.07662905766199,2
-6.54040158470631,0.793951264007093,2
3.16735335283232,-0.524583559916957,2
2.03781895690959,0.562219125604155,2
6.62659238400451,0.988725669379392,2
2.27917752217157,0.855645911477741,2
-5.00589711792638,1.22329369974629,2
1.81753887261526,0.923939446902784,2
-6.17194842795369,0.974851862514821,2
0.189852633747419,-0.425264392539294,2
-0.453421821045265,-0.802480996964328,2
8.64083411648159,0.803902963917807,2
1.40017601959204,0.017359541090228,2
3.44264737690894,0.719000541345027,2
2.16191746998795,1.11210458232554,2
-1.02762558441928,0.244192040099053,2
-2.64035804764583,0.37763827817181,2
-0.557695678671029,-1.15222802577684,2
1.62132644521273,1.11950061896303,2
4.36473618358363,-0.792668060771375,2
-3.03808717675627,-0.376989318246769,2
-2.87207062502537,1.55772434637842,2
-4.28607552356447,0.371525489813537,2
-0.985078461834459,-1.57941851913774,2
3.82013280161749,1.57836405635727,2
0.409686023084483,0.18500116608693,2
-3.14581337199518,-0.165436912950614,2
3.47076593108533,0.776001398895767,2
-4.5498852897469,0.007382599800775,2
-0.584966202255886,1.32396585158309,2
-1.46305389476371,0.369098426620317,2
-0.459111956695562,0.679125605499837,2
-3.89884494023868,-1.44637714448317,2
-4.57265576226772,0.090617390088794,2
0.210742043859268,-0.991026492006959,2
5.60185039256656,-0.363874452376742,2
-4.76292790963326,-0.158361980558737,2
9.83930218168921,-1.22145478249925,2
1.78609049881856,-0.524445327152921,2
-4.40170959568059,1.52967112525125,2
-7.09335347205533,0.712554720976955,2
1.36773284032649,1.07327779983088,2
-11.3918390797882,0.509625897224444,2
-0.451243621278134,-0.484182417999405,2
-0.108336070315324,0.499198571275544,2
2.26134495575118,2.00023149660181,2
0.644663226877428,-1.91491469346752,2
-2.63982686330937,-0.246081110823157,2
-1.84769629449864,-1.03177951321013,2
-4.73468536274686,0.221616580270903,2
5.26204517260114,-0.257098916746606,2
-3.29366747326763,1.5280610546743,2
2.88706979702404,-0.449382634263987,2
2.34514564483911,0.726581703957205,2
6.90413637850778,-0.019503794701024,2
1.31665440299185,-0.387672154255842,2
-2.06689663517091,0.559093610647586,2
-4.43949522501109,-0.491218881425266,2
2.95108511483153,0.875838092760139,2
5.97841360967385,0.574049643361823,2
-7.09397843614953,0.185335194448666,2
2.41205147351234,0.490349711902404,2
4.3555004769832,1.47956554160451,2
-3.01768046830867,-0.63801925219467,2
-0.359038956075756,-1.37529310775906,2
0.865056678789161,-0.443291440641737,2
-5.20972211270131,-0.910346479147636,2
-1.30231860656017,0.404545808948254,2
0.343151783505589,2.43312100971485,2
-0.480169886515465,-0.891508625192436,2
-0.28226405261696,0.286420456939261,2
1.56963301662749,-0.257445310110662,2
-0.640308766569137,-0.141615422510252,2
4.26976712890724,1.02250762991912,2
-4.33510116434836,1.07589055046423,2
4.31832352851416,1.30169073389698,2
1.3103561494445,-0.372820669985377,2
-0.521702597027446,0.987053289607505,2
2.4917385320229,-1.24827469974884,2
-0.837076999266078,-1.3201133753449,2
6.60954965547406,1.26769554761813,2
-3.10181404678407,0.394400137814391,2
-3.58995895215677,0.698539142400661,2
2.92673662556465,0.284379266037097,2
-1.82040793147633,-0.794608059210826,2
6.05370844777495,-0.807552915550672,2
2.50617915400664,-0.587597427129132,2
-1.87537909885605,1.67082815295092,2
-3.1120408161105,1.2158180752818,2
-8.14066179785855,-0.138856178477121,2
-3.34788444177553,1.45128343616924,2
-4.49722812964042,-0.639795538975141,2
-4.00331616237455,-1.29292446866157,2
0.863517951085244,-0.927314239642439,2
-10.3303440033127,0.664004132450386,2
-4.52112603176164,-0.607530257092884,2
0.87936923806463,0.084739033451893,2
4.02857293752893,0.475468381023775,2
-2.91865818178003,0.06096262782465,2
0.403014005059082,1.59254998048269,2
0.143065565740805,0.051376567111022,2
6.99088740114804,1.66548523614527,2
6.07860241335895,1.36124917105787,2
-3.08793127497378,0.630449139496108,2
-2.09104163191469,1.72231212975937,2
-0.71929312647344,2.21863477802322,2
-7.81280081860715,-1.46284399862885,2
-1.47438495372056,0.636978527982465,2
11.8914240573152,-0.797883310510001,2
-2.57124285979303,-1.57549956523584,2
-5.715043961162,2.05861795828355,2
-7.53261229923997,0.241643423217421,2
0.619952686428846,0.299722688139487,2
6.76204720379942,1.98942938032082,2
4.07141939415814,0.827702536207365,2
1.97084388590813,0.740678945677278,2
-0.716338272967962,-0.090575539334564,2
-5.80261563245223,1.31122391128132,2
-5.7048174365424,0.126844788812132,2
1.02019058898964,-0.189473442865736,2
1.73324887907906,-0.890226040051332,2
-6.38717023766776,0.339843068969052,2
1.3592082278331,1.45974784806455,2
0.923479139522085,-1.14765653881869,2
-1.75593244087014,0.5722833436183,2
3.17345996819021,-0.043768524926898,2
5.60583362777368,-1.09919565406076,2
5.83780766940528,1.1769474771452,2
2.59366753180313,0.080675993707512,2
-0.055472394047622,0.101546257025834,2
-0.805226021218233,0.646304897057997,2
-0.143828282347419,-0.159973831552198,2
-0.719011553227387,-1.1921967577853,2
4.6940217006372,-0.86775308449813,2
-6.16429410257553,0.937163800439718,2
-7.33676533008458,0.021666702549769,2
-4.63399387148979,0.881042478180683,2
-0.165647774929271,0.338170942046204,2
-4.39963431911405,2.00182003102739,2
-2.47811076799202,-1.46181473737163,2
-3.49327406100991,0.354643733597491,2
-0.413071403237289,-1.37504143122931,2
3.01180620913211,1.5501278273984,2
2.38706403562238,0.458681199378558,2
-0.04240977632648,-0.854902381388451,2
6.80988992765709,0.77802590421516,2
3.06248485823235,0.09676648827781,2
-4.8544378552381,-1.3227703364884,2
-13.0785385167906,0.557181941177004,2
-1.10638667714773,0.097044860193658,2
-1.4777871106751,-1.40261767950091,2
1.06200543092452,-2.01652244066221,2
-7.24554587433007,-0.949527346275333,2
5.69705736678925,0.904944924963441,2
-5.7426797738005,-1.01566736753045,2
-0.620012586150795,1.10852320363436,2
-3.27029961494619,-0.566142414651978,2
-3.93686676320019,1.04141911773697,2
5.64880860421415,-0.227195569209978,2
2.15581936611617,1.65041638702938,2
2.35622190176439,1.4280232243538,2
0.052781934300515,-2.06907777340222,2
0.654581946944625,0.26460949459453,2
-3.29496117886946,0.561067206240417,2
-0.414903659477578,-0.898716384361988,2
8.18356600176373,0.125871494120998,2
5.37782478523193,1.28707413370141,2
0.356437268595358,-0.387488386485133,2
4.20819389871941,1.86674832755648,2
-0.482305271274969,-0.150957644646643,2
1.88831550894092,0.938118490994945,2
1.24522881276975,-2.19539340757625,2
0.530880181672058,0.038743736911186,2
4.18754654947052,0.466635029926675,2
-0.528779935525942,-0.967810642209306,2
1.27219270841759,0.005687985889168,2
2.28245678128057,1.25037682296666,2
3.83597010795997,-0.155980335682039,2
-2.25178480916047,-0.050458837837983,2
4.65198396638181,1.04434266878385,2
-2.33499175255534,-0.677479834413299,2
8.86100785524506,0.123181483696552,2
-3.71337457392908,0.290527564857856,2
-3.94856996119343,0.441591167074111,2
3.36333307307124,0.162567248870551,2
3.3160565227171,0.345539392339499,2
-4.69706358231909,-0.502189672315715,2
7.43448984287796,-0.095847298947614,2
0.339509190627246,-0.557428116825542,2
6.33918118419432,1.8420838507868,2
-0.118768612488653,0.86562480031095,2
4.22074649571674,-0.199324808072574,2
-2.3306879283797,-0.639559123715212,2
-4.41056132303233,-0.00334134700373,2
2.13528167209853,2.30881591008601,2
-0.60225243903332,-0.189271018193931,2
1.59183966246767,0.594209437472731,2
-7.92166724282412,-0.439859993355498,2
-7.80476786704047,0.300808942529356,2
-1.01182165669547,-0.386137682377937,2
-2.0429889729505,-1.07462112003955,2
-6.01527234559019,0.046002091112196,2
-3.1675244507406,-0.290766987295846,2
4.5271990432996,0.619311349114385,2
-1.60133820629628,1.53507678414885,2
0.279293032315131,0.069580902416509,2
-0.479258477014803,-1.42586266902544,2
-4.3777488562432,-1.94275659079248,2
-6.13629024804568,0.325676298677043,2
-5.41658694859625,0.41365900565293,2
-1.48220943465462,0.694620050468121,2
2.3916687044989,0.606933595716907,2
1.90365971449798,-0.944442597650681,2
4.22831557154263,-0.200047494897045,2
5.80087104833389,-0.537758493778912,2
-4.60997205877097,-0.168393272047443,2
-0.738566602064618,-1.9125515109082,2
-2.63210439443868,1.38950945036053,2
1.32583594899688,-0.788665769001608,2
3.83452637483138,-0.988382343556046,2
-7.13237905494776,-1.40258402087313,2
0.894685777195603,-0.191696209252871,2
5.48365174205992,-0.185977275177367,2
6.72690376182417,0.899379524720332,2
-1.11299117188303,-1.70313578062985,2
8.19814152679612,1.28381255234704,2
3.47041390096767,-1.00931251040148,2
-0.886939041971124,0.030407298418146,2
4.85693431627478,-1.01298129866649,2
1.19729570715001,-0.913351915277148,2
-5.22855105744609,0.943380420335509,2
-0.836655220040494,-1.65770179228515,2
2.15346000576766,-1.16177631783244,2
-1.36515031710676,2.32355030652789,2
-0.504425318894469,0.05171002098119,2
3.97419628645317,-2.04330485951114,2
-3.3547974468445,1.15469653137425,2
-5.315579937603,-0.427734251862074,2
0.854204973674146,-0.654114689345683,2
3.9802475667075,-0.536159089787715,2
0.447046204321706,-0.699181200473174,2
-2.76815944931762,1.24048841387645,2
3.31941876590074,0.90637475142188,2
0.842073018027254,-0.149094420788122,2
-5.42368246971577,1.00914456963258,2
3.672307058708,0.078948836295916,2
-5.41273845613985,-0.996083025518945,2
-4.77598419143631,1.054221368275,2
-0.972097789163996,-0.842989163924708,2
-7.78009224473289,-0.543828137698485,2
2.83071158565048,-0.200891355943595,2
-2.51218681415602,0.856805992910157,2
9.62051536041151,-1.11527941079872,2
-4.53790671336896,-2.14695702955766,2
0.480693470298858,0.284353340767695,2
-0.921499318913132,-0.370422635411843,2
-0.01626711707091,0.777781443084807,2
-2.40352611477766,1.10332460429456,2
-10.5716166879612,-1.18815160005626,2
-1.89267194987449,-0.189810043479459,2
-8.04415733383886,0.933024743319565,2
0.501533208992843,-1.27510357928418,2
0.744749239610796,-1.16792603324226,2
-5.9884591616685,0.71828052820557,2
9.04198164477691,1.3960071403165,2
-1.3059484082653,0.240940104327823,2
-2.6203000813138,0.700716709128201,2
-0.470659492001417,0.174482393032141,2
-1.98778572973208,0.424361289890598,2
1.1236331473984,0.139127387711926,2
4.71974328700548,-2.31380885569718,2
-3.80991250874459,0.87679138309079,2
1.47946000556384,0.782068802500406,2
3.44446157888955,1.12077201985983,2
3.67667992149208,0.897260125365262,2
-1.29431375327203,0.389512007224012,2
2.25435415445392,-1.2779545987293,2
-4.30761769652357,-2.09277498188262,2
1.6836394363101,-1.12847413464082,2
-0.537565540826123,1.04564201599767,2
0.728093282272754,0.401149605538995,2
-9.66103749511745,-0.577164624705175,2
-3.60441642245635,0.705879653785391,2
0.171993473023591,-1.76358018815009,2
0.4903934027587,-0.195679959072441,2
0.631502385930803,-0.276355520298633,2
-2.80264585910265,-0.305331962053692,2
-0.180343884491027,-1.89724512831627,2
4.24433744562317,0.015573679268418,2
0.082892263123211,-0.10466944007568,2
0.71966974448934,0.235212298842445,2
-4.75441941386363,-0.306781581500344,2
-5.79215139033505,0.708185116709732,2
2.96285314969249,0.094085521314867,2
-6.19246338098942,-0.762916010193721,2
2.09926837532535,-0.048433906987414,2
4.33748979975425,1.72720557268661,2
-1.45973898183469,0.754992152010097,2
-4.63326963128618,1.22907811784731,2
-2.30360015208282,1.55491382700151,2
0.543475263167008,0.705824059257474,2
-0.485109312289741,1.35463251914471,2
3.78622573279853,0.623400731929292,2
-4.33518942986636,-2.23279977758468,2
3.12968312379965,-1.04088254857267,2
5.84106123680356,0.544109232111451,2
5.95929927588883,-0.406336560945722,2
1.73847162697859,0.752665292655565,2
-2.35612219149315,0.821422555133829,2
3.06647195148929,-0.061643403768453,2
1.87658588158092,-1.39000128107271,2
-7.06664640180681,1.86996870349221,2
-0.914170701960085,1.12126648750378,2
1.29204160892322,-0.149212792362954,2
-0.648083770093876,1.48380022233773,2
3.20593537665887,-0.320709807303831,2
-4.5521935822383,-0.149944315813839,2
-2.50407097625161,-1.82613251285027,2
-4.95164662357944,-0.913191773279137,2
-5.55488865086015,-0.951378145305983,2
-1.01890849629554,-0.526414874304801,2
-1.02840286664613,-0.97119213575484,2
3.48957803547777,-0.689543028836302,2
1.99792020932944,-1.58931202090665,2
1.57893501738403,-0.832356075041206,2
2.87892769529524,-0.760864264541875,2
3.59707757091017,-2.15570082322549,2
-4.04902865890122,0.726910101697146,2
7.23793062556483,-0.656789963744884,2
11.4347304842672,0.200630824244871,2
1.88621334356632,0.349932923885436,2
-0.959358005199468,-1.39681245705905,2
-1.38208574517303,-0.334156106772114,2
0.200790205008996,0.230299112449682,2
-4.76856483684007,1.23509672901552,2
4.84015197503917,-1.29826690626638,2
-1.59576999057982,0.212254784780439,2
2.9966330497723,0.286219166822532,2
1.23896943931908,1.20369805165211,2
5.32879874183337,0.489275853855483,2
0.297464652932184,-0.143368849773558,2
-1.65116448301639,0.707391054400291,2
-4.04083810451328,-0.299969126666806,2
0.509160570128667,0.430238316227152,2
3.05368635799111,-1.38723319822294,2
1.08865503831277,-0.435345131473199,2
1.00916164653385,0.662837598024556,2
9.32169446533218,1.3469683590439,2
2.06009164860831,0.285325150051229,2
3.14009842293758,-0.313266827692638,2
-2.44933111610457,-0.027995732769562,2
6.25974168090361,0.488670926852673,2
-1.20073846318801,-0.158598348139657,2
-2.05194885895025,0.347262733586641,2
-0.578451147122945,-0.695368338667704,2
2.36309178249247,-0.180360614883438,2
0.060471735744857,-0.428879730764616,2
-7.16388839422057,1.1830045173027,2
1.43350942632062,0.96107943624477,2
-0.389297569006048,-0.362703032991283,2
-1.75387738374181,-1.33340369302649,2
1.82378658342437,0.561490219013998,2
-5.35234665544683,-0.564768917378111,2
-4.18761225872477,-0.302117599629515,2
0.650416706720753,0.785053414766968,2
5.24962862418816,0.084769404099306,2
-1.49814289242455,0.060594409134843,2
-3.73617345880761,0.448873614462978,2
-4.8340544884612,1.04593531932458,2
-2.78979544810638,0.872886214020898,2
-1.77370754340816,-0.039418570081045,2
0.513164845584349,1.76294354098685,2
-6.3731168267431,-1.04522234858611,2
3.52895499221513,-0.430441859805083,2
-0.054592538577193,0.507403847077037,2
-2.94512972247932,0.309987082855514,2
1.94716566062364,-0.754851437205331,2
-0.259229341400696,-0.653701907242706,2
2.38110834058488,0.190434793840417,2
-8.13401299744157,0.198298004395092,2
-1.78703151819128,-1.58533223174016,2
5.39776484527428,-0.935316459971785,2
0.632504172805307,0.987757210100892,2
-4.13317446268653,-0.909607324386003,2
0.635937798902949,0.872298749960639,2
4.47780778737236,0.632725622113931,2
-0.824659860572956,0.732040365965024,2
-4.02010821634239,-0.058271781163185,2
-0.354533946905153,1.34757019425772,2
-1.36135435992398,-1.25045951699342,2
1.19460228247889,-0.038582851425557,2
-0.539646385670209,0.398587095170888,2
7.301008563362,0.927074085960047,2
3.42155888002687,0.561334986839838,2
0.4624703603577,-1.42085214092078,2
-2.80756438657343,-0.1067528290405,2
-7.56213996708919,-0.488711479042745,2
-7.0968028195462,-1.75377043388869,2
-1.55532777509679,-0.914891947788187,2
-1.24405898891106,0.821470174505096,2
1.83474492602801,-0.94184293921449,2
5.58519390817462,0.176853484559585,2
-3.5272109987169,2.64378718303434,2
4.94088995604991,-0.626477206685779,2
-0.194981646824495,-1.67441073220247,2
9.20816304918169,0.641763174042785,2
4.31373804787664,-2.0741094344299,2
-0.301083590139698,0.59606607264709,2
-2.28353765528341,1.00309006580864,2
-0.045402146411675,-1.15961142594796,2
0.543639484197773,-1.18056343663985,2
4.9100391871863,0.612353221348964,2
6.62671412063502,-0.073719317896367,2
7.79995345477459,0.936783244441302,2
-0.958449355744813,-0.088829100544463,2
3.34358072674179,-1.71198381353162,2
0.135047391503676,-1.39194819005847,2
0.979356904877598,-0.157314528505266,2
-0.291548251682092,-0.140877953811858,2
-0.575915713149147,-0.712960234365776,2
-3.89699230211606,1.13883246193451,2
-1.53974303840956,1.58523417597074,2
-0.787304698626518,-0.290808921411475,2
-2.6480887435038,-1.16090956423655,2
-0.457074234806845,-1.00990061794962,2
-2.73003274335832,-0.080113874845237,2
6.90903012666866,1.56403408285106,2
2.47772481292611,0.551595342824144,2
-5.89019412943346,1.14032006617256,2
1.33494191512718,-1.31984125715746,2
-7.32738414619968,0.085075495551109,2
-1.16343778055559,-0.0729572682631,2
-0.334573799452191,0.86361646402214,2
1.43469405617163,0.773542234954133,2
-4.2570876339641,1.16085341838921,2
3.82748025421027,-0.488812740943215,2
1.09682456394367,1.88546415566923,2
1.30250773436634,0.31683738261753,2
-5.61518674972034,-0.181176097817007,2
-0.361047834864852,1.55561056124225,2
-1.80499403607551,-0.697220478180444,2
4.73701054452948,1.32523020219134,2
5.49564954991022,-0.889237869814287,2
-0.265724526565975,0.731005062993593,2
0.067821789685397,0.310765946660411,2
-5.33003331917931,-0.869447513251765,2
3.1046351894386,-1.68330888590795,2
0.50538901717331,0.380983328699774,2
8.91403283300418,1.69367031116091,2
-1.49995283739593,0.77342946317631,2
-6.42150632614937,0.985126064770742,2
-1.20376323113483,0.700024783831769,2
3.92607247913763,0.6126667991461,2
-7.42655193232065,0.184940595753021,2
5.73876921842172,-1.18110216499613,2
-1.12204673596213,0.07215142580015,2
-1.00758237981554,-2.43320418417479,2
-6.76353192632188,-0.013420610446242,2
0.536763435664037,0.396235021566326,2
-3.96559879055984,2.05801896265923,2
2.72261396801891,-1.5324194412824,2
13.2465754159853,0.459734675640905,2
2.89835975750475,-1.19929396570592,2
1.04148780136898,-1.25813183717606,2
1.95829660345853,1.35009224369812,2
0.766251349456626,0.668346891955952,2
-0.330386784303274,0.462931801153885,2
-0.452053931124558,-0.747981394625237,2
2.45698583974428,0.018341547168022,2
-7.90779478038394,-0.288970041341078,2
-3.14461146041079,1.09062354627731,2
-4.66764871165663,0.562745100556899,2
2.52173200705395,-0.363233378850277,2
-2.48992681731297,0.278807622754396,2
-4.79805965047373,-0.479367636707766,2
6.27733863389807,0.326639322388636,2
-5.29921084094061,-0.839381985068701,2
2.89646614115362,0.623336282214185,2
4.97503651550922,-0.509311888135467,2
-4.76194115640839,0.361242052130733,2
0.816658210998887,-0.211762978920188,2
1.4083069233985,-1.45355063230276,2
3.24054103046247,-0.479129013107359,2
1.19158259788223,2.58597359108173,2
5.55481038397901,-0.620962831191388,2
3.00439946615242,0.828194001413239,2
0.791238238604029,-1.39817136985571,2
2.17008917916757,-0.586152448402638,2
3.62769751476662,-0.395041665125035,2
-2.55362602595068,-1.78302366644775,2
-5.75891654807432,-0.839086361303669,2
-0.349931159917295,0.008307034501031,2
-4.19628154226357,-1.22682421304988,2
-0.785100553828915,0.799194782753686,2
1.86188771160819,-0.119646727371063,2
1.92033995142539,0.323630300871161,2
-0.007732475164308,-0.530633545784569,2
5.48063884479997,1.76306916187396,2
-1.59215521959505,1.23862657797914,2
-2.53186290478055,-0.966853980142416,2
3.61549761975077,-0.969890552879309,2
-3.64841647095108,-1.28220412052858,2
-0.747532330178183,1.43520687002986,2
-0.466952949832474,0.244615633093024,2
1.15080116078432,-0.640312593226906,2
-0.310385789261179,-0.368025991601537,2
-1.74037120810298,0.444338210461431,2
1.14496062861884,0.150093784682299,2
-2.456711411712,-1.43484457212666,2
-3.33473308959038,-0.26359857445394,2
-0.515655560589393,0.677983939113,2
4.33149817428478,0.609680244793134,2
-1.7104475656975,-0.930139052870191,2
8.22301877408821,-1.06147801777391,2
-1.26345605561848,-0.820686569385151,2
-4.35684640365984,-0.200867723452647,2
-0.588035366251124,-0.165134872474066,2
1.22176115335789,-0.307340870814913,2
-8.28333005225444,-0.676971054215393,2
-2.91457804423775,-2.740644458731,2
6.28634983898663,-0.823942465262843,2
-1.02640712721595,0.257284065992961,2
-2.48092715541064,-0.462690013548102,2
2.04209918971128,-0.451199706830771,2
2.17472768623256,-0.557006831275447,2
4.02192766972012,0.871975385880126,2
0.785786741180624,-0.967995543758229,2
-0.241522885967132,-0.865486193448962,2
-3.88589676643275,-0.820845585162991,2
-6.39472949925022,0.726560429594012,2
-5.46609954962532,1.04560914219977,2
3.97488398727432,-0.313163506449164,2
1.67084379979014,-0.373235177744075,2
0.261807913877625,1.7247701070227,2
1.7168344366572,-0.1191850855476,2
-3.99141253155407,1.78586409746364,2
2.07673313201111,1.12548637223725,2
0.406014489926302,0.485532136339108,2
0.118758652571608,0.849209750755827,2
-7.73198139925213,0.43867993872555,2
5.37911873649247,1.52040293918288,2
-1.1993569319934,0.746318176719658,2
-6.55307352802374,0.068117283005238,2
0.407982669468004,-0.041528097737121,2
-2.48213828931036,-0.604068503574065,2
-3.50921887326776,-0.064833352563553,2
-5.19762722681426,-0.098424534453453,2
4.74520679322996,0.393945268358248,2
3.48801051496568,-1.02378858618587,2
4.05807337418672,-2.20711538707546,2
-0.229432753151419,2.80582067936937,2
1.9725912116295,-0.475469203573606,2
-1.00678294136575,1.42708166363792,2
3.19114795526124,0.501721801360118,2
3.04261157744499,0.126843260227041,2
2.10919887413118,1.24588262730831,2
-0.395403727057042,0.341591264870864,2
-0.697118703273528,-0.123326093496714,2
-10.9383743035779,-1.97758233118041,2
-6.06506353232098,-0.304607379842558,2
-4.85578339111029,-1.76307293897319,2
2.00371144493749,0.300057972969728,2
1.79462692431704,1.46733124031205,2
-3.568309240938,0.997721778669297,2
-7.71821417291106,0.871465615753657,2
0.490709906385809,-0.62129820401334,2
1.57268673028534,-0.249923539143207,2
5.74252324521037,-1.24270428121034,2
-10.1690063602872,-0.328603204028041,2
-4.93419570038782,0.50525332061864,2
5.56589154570574,-2.10027132957599,2
7.37363561362285,-1.1518132609175,2
2.62938151412525,-0.825058940326461,2
-1.16686349986889,-1.36994957214794,2
5.24485925614709,0.783450070669878,2
-0.94034100773738,0.472323441388937,2
-4.46009400955307,-1.60286104801349,2
-4.14664248667836,1.6872065549846,2
7.11021936677212,-2.20630026325608,2
-3.38481289682,-2.40548397710141,2
1.6446553924902,-0.263253743386536,2
-4.50299649454289,0.220840822264927,2
0.534593956465197,-0.276950373185016,2
0.135361919207062,-0.250964806796912,2
-0.929810938224594,0.255878876942027,2
-3.22635218016582,-0.548391937551219,2
3.56353576197991,0.633288602929079,2
-1.34347604417044,1.19684206990118,2
-5.8282219247344,1.2081686313541,2
0.951298409915275,1.84989021466023,2
-2.37717951730528,-0.796678334169207,2
-1.51168148036966,0.835574368034773,2
0.10852118143179,1.28696215235715,2
3.34163569166268,0.188084036345977,2
4.92424536219244,0.001230064543478,2
7.39799157020349,1.13379441961618,2
-4.92004305479538,-0.830206038588751,2
-2.30133418584033,0.953619937860527,2
-6.34641830540358,3.3520863927929,2
-1.54684595739156,-1.45619576693978,2
-2.89295812834203,0.84795297966123,2
-5.14169858948908,-0.68775194916461,2
0.645171265971305,-0.052711808150677,2
0.358973604829998,2.28952177426639,2
-2.54605569556211,-1.80143129101836,2
-3.23306709787287,0.678690551405761,2
-1.14331002770821,1.23585570017853,2
-5.83487899569586,-1.88704578643882,2
-0.723386574963526,-0.020847768975406,2
0.514751760688316,-0.840115379817142,2
-4.32259058792783,0.655552109200593,2
5.01408185772139,1.0846110986982,2
-1.2677092372152,0.738388895366937,2
4.00238055405732,-0.678615468965583,2
3.48322633913044,-1.48393771937381,2
-1.12720122934176,-0.65722048108176,2
-4.08488374977447,1.00875705400603,2
4.31153496270349,0.599762770284998,2
1.31084855644978,1.54815178772731,2
-4.84545313105507,-0.213373707399052,2
-2.34090628485698,-0.787109569056789,2
-9.95876845815109,-0.631134611478298,2
-3.32959623533721,-0.867202268057124,2
-4.19737014115616,0.032391477034476,2
8.51488053082986,0.101749738714426,2
-2.55587295464843,0.672961858848159,2
4.0046185719264,-0.453490876871579,2
3.14050669605017,0.714701725423961,2
-2.16029408484098,0.116300617941983,2
-2.30101293050736,-0.058236023943584,2
-0.86744467910592,-0.764039958468476,2
2.72712531236464,0.632606610632953,2
0.571720553517868,2.08415287670965,2
-4.83810409242758,-0.557130789864332,2
3.03164255778931,0.061832517061663,2
3.99111406643261,-0.619363611039669,2
-3.82184917688377,-0.206666363567799,2
-4.88433602094744,-0.195340837406856,2
3.69761247903774,-0.716833266362886,2
-1.1540338252588,-0.859336673103552,2
-4.02438682531474,0.83479369428816,2
-0.416683912995103,0.438510425023342,2
4.98332429142291,1.68207427080486,2
0.058144602313296,-0.445645813415523,2
1.74924825197321,-0.0992350024928,2
1.50471566172985,2.04664703492509,2
-4.98269362072629,-0.61162744272738,2
-2.29395226232138,-0.166023082502097,2
2.30359552165666,-0.187259860493356,2
2.47459637716239,2.0487253339621,2
3.32839113890755,0.745493051356883,2
-5.01921676174186,0.882137663419423,2
-1.7144715610501,0.141740147387383,2
-2.82988207448178,0.790013215284906,2
-0.267716722272399,-0.997362069977518,2
-5.01521809702208,1.03586304858584,2
-5.41011896647674,-1.57076697853349,2
5.33718004344923,2.38752122058633,2
-0.543822635245969,0.525162904377734,2
3.64411206445035,-0.306097452383499,2
9.00746842426428,1.17720296850049,2
-1.98810262708605,-2.19442625948203,2
-0.335759029030586,-1.83239448534726,2
7.22871205958549,-0.759653750652015,2
-7.6736821982705,-0.219712583059428,2
1.80261571146766,-0.660049484216279,2
-1.65358000197975,2.30496843123727,2
3.28099154798294,0.213571569959078,2
-2.25144238095944,-0.950829209339388,2
1.21300816464139,0.708631098449773,2
-2.48733753241797,-0.915916486607004,2
1.69302388179736,-0.377295797944078,2
-0.43294165626694,-0.021619531493266,2
0.18643817419409,-0.455603313604699,2
9.23533918993193,-0.271696258721359,2
5.42958857564687,0.389424548207229,2
-0.098440175637241,-0.720610888509189,2
2.0029247110782,0.628450437085172,2
-1.95560870796271,-0.436383644188404,2
-0.895553433678902,1.1916471458369,2
-2.47652487279358,0.46171146120469,2
1.77964941913376,-1.65054569299714,2
1.95984529122575,-0.241961660303222,2
0.115970508561038,-0.609563496727806,2
-0.487907964411099,-0.35970927097042,2
-0.542728165978912,-0.813779189391079,2
-0.333663624639053,-0.554085687126352,2
6.42115663794976,-1.47974435426924,2
10.2805059640134,2.15848805520187,2
-3.07726638572701,0.789758380642989,2
2.12413585483571,0.479779309171372,2
8.42361625400994,0.155806842806446,2
-3.6432884033919,0.55645027927527,2
