feature 1,feature 2,class
-0.784225479,-1.570377278,1
0.486973731,-0.164059208,1
-1.019450553,-2.085269885,1
1.253935759,-0.356837392,1
-0.567028294,1.310686958,1
-0.004464613,-1.225481525,1
-0.666979931,-0.166630661,1
-1.068906984,-0.343027176,1
-0.365905542,-0.234406233,1
-1.035050052,-0.097261072,1
-0.622676656,0.918346786,1
-0.437262614,-1.549065985,1
-0.584501837,-1.045295182,1
-0.495805098,0.763277713,1
-0.088733626,-0.96947259,1
0.504886809,-0.694055409,1
-0.442708619,-0.619114452,1
-0.342156776,-0.308565222,1
-0.378773986,1.834171457,1
-0.5824764,-1.415944903,1
0.421744962,-2.098415983,1
-0.007573976,1.88222895,1
0.131396641,0.695320531,1
-0.604770998,-1.002844308,1
1.984416126,0.582165066,1
0.92911447,-3.424350387,1
0.704303203,0.916333841,1
-0.119038747,1.884876496,1
0.371604606,0.841290966,1
-0.069140073,1.393747614,1
0.588321109,1.726016113,1
-0.815089076,-0.865404071,1
-1.386208933,-1.527411777,1
1.162047916,0.082004452,1
-1.811763139,1.893334554,1
1.166237304,0.270061034,1
-0.114148396,-0.521530639,1
-0.368575229,0.046037503,1
0.986933088,0.227442457,1
-0.752517581,-0.844640644,1
0.7805083,-0.163261756,1
0.974492594,0.844076848,1
0.056199767,-0.558059082,1
-0.898542733,-0.460131916,1
0.255114011,-1.327535618,1
0.585700943,1.200206722,1
-0.760953795,0.609611287,1
-1.872760864,-2.113219119,1
-0.177406748,1.217795845,1
0.167102503,-1.237739611,1
-0.209605252,1.046480486,1
0.792250601,0.346417264,1
0.342244351,1.145315506,1
-1.800591525,-1.122228937,1
-1.012803082,0.038760595,1
0.078832934,-0.436392564,1
1.109067327,-0.154861073,1
-1.100646251,-1.217194851,1
0.109260222,-0.020262737,1
-0.178587058,1.030525014,1
0.609611211,-0.177357557,1
0.50025123,0.773836266,1
0.840207698,-0.170980727,1
0.355707356,-0.2631733,1
-0.911439871,-0.008546123,1
-1.665300573,-0.117084178,1
-0.503969446,0.588429527,1
0.718242729,-0.054060209,1
1.503097585,0.000723746,1
1.445721595,0.178554074,1
0.545785112,0.157980496,1
0.096769449,-0.049070188,1
-0.948501767,1.15273734,1
0.129660727,0.091303126,1
-0.141679536,1.640860791,1
2.452993388,0.338589004,1
-1.298202708,0.076683461,1
-0.737909489,1.249384523,1
-1.951918767,-0.324697527,1
-0.695198788,-2.015055312,1
1.121564311,2.215076987,1
-1.017086436,1.976990728,1
2.14707255,2.117136366,1
-0.395328583,0.353607337,1
-1.233953475,-1.41497787,1
-0.987157092,-0.952417968,1
-1.243888786,-1.79277146,1
-1.525625739,-2.106292917,1
-0.696524128,0.889702232,1
0.627599795,-0.945509498,1
0.494713412,1.091704802,1
-0.209155466,-0.577373596,1
-2.244505793,0.579688163,1
0.029726382,1.063791532,1
0.215506692,0.281509174,1
1.008576755,0.973232889,1
0.700626669,0.500280116,1
-2.108009608,-1.440284987,1
-0.861872635,1.017442257,1
0.956616805,0.536793268,1
-2.521606206,-0.209987525,1
-0.4053452,-0.191601521,1
-0.442677566,1.083795381,1
-1.011697496,-0.340199051,1
-0.669107467,-1.216657038,1
-1.275201329,1.35055448,1
-1.105895183,-1.175092752,1
-1.435633504,1.125653875,1
-0.063082394,0.104051714,1
0.06058234,0.696217953,1
-0.669193195,1.550859542,1
0.210082499,2.030244977,1
-0.568078585,-0.474281486,1
1.762489103,0.101613634,1
1.710556364,0.302113673,1
-0.41256498,-0.75489795,1
-0.557750879,-0.417880728,1
-0.450924405,-0.777621901,1
-0.12665574,-0.156865608,1
-0.703939482,-0.711554554,1
1.066092702,2.07166108,1
-1.210270141,-1.529468756,1
-1.084078676,-0.125092468,1
0.256174229,-0.471555261,1
-0.370377009,-0.100420857,1
0.237837472,-0.609748692,1
-0.114758201,1.196003058,1
-1.065030592,0.872045102,1
0.31189192,0.278240363,1
-0.140065048,-0.09716924,1
0.57933941,2.352896089,1
-0.77983096,-0.801275619,1
0.66266399,0.157121153,1
1.367653981,-0.214878054,1
-0.787760487,-0.448956664,1
1.510617766,-0.340939896,1
0.278488412,-0.702367792,1
1.229772073,0.197077961,1
-0.387748569,-0.223457733,1
2.012198927,-0.679592736,1
0.427075572,1.164526633,1
0.320005717,0.910310326,1
-1.373576099,2.07590335,1
0.971851317,0.200480021,1
1.248834171,-0.322727147,1
-0.724143591,-1.906790979,1
-0.804375476,-0.997535315,1
0.103704141,0.1535017,1
1.483952864,-1.026641492,1
0.660732616,2.121853686,1
-0.949051392,-0.300715246,1
1.059464775,1.829165946,1
0.188582277,-0.98766018,1
-0.544207032,1.928701019,1
1.64100838,1.167703199,1
0.178934964,-0.458460524,1
0.177832332,0.075281922,1
-0.618461678,-0.667251387,1
1.345341336,-0.999680684,1
-0.5010597,-1.335510139,1
-1.862906805,1.050264702,1
-0.58932485,1.385223356,1
-1.615451045,-0.630159468,1
-0.32519095,-0.912928074,1
1.72707897,1.699063274,1
-0.279698569,0.042737457,1
0.580430858,-0.500495782,1
1.489059075,0.661253177,1
0.023273754,-0.459068071,1
-0.267354454,1.229852341,1
-0.342800837,0.11232193,1
-0.202601818,-0.159843746,1
2.389120316,-0.423683158,1
-0.8081157,-1.027919607,1
-2.132871843,1.080403795,1
0.016626031,1.944248527,1
1.01768132,-0.023564536,1
-0.48012407,-0.037106628,1
-1.014558474,-1.44475483,1
0.605141583,-2.425166136,1
0.578891367,-0.91352681,1
-1.937821907,-0.140234721,1
0.447413038,1.773574473,1
-0.771433838,0.384945663,1
1.818637865,-1.767419832,1
0.685082115,-0.280367149,1
0.046240465,0.333057632,1
-0.726745077,-0.770129921,1
-0.154980552,1.171953344,1
-1.526969605,-0.365921114,1
-0.480593886,0.784255874,1
0.127846401,1.821137248,1
1.379816807,0.395250476,1
-0.590994471,0.436416747,1
0.930938765,-0.490542777,1
-0.755259408,-1.013938884,1
0.812373801,-0.801481254,1
1.280480335,0.541667971,1
-0.467609742,-0.222868737,1
0.287013751,-1.170695048,1
-0.416743614,0.27942454,1
-0.537982622,-0.187282735,1
0.334370136,0.823899599,1
2.77704385,0.705253437,1
0.700604781,1.127370837,1
0.562175017,1.097512354,1
0.227664383,-0.46946554,1
-0.454346763,-1.125676213,1
-1.564809051,-0.901542662,1
0.144953259,1.164661223,1
1.346463697,0.529728228,1
-0.71221117,-0.9315505,1
0.277194289,1.218969771,1
-0.076730416,1.590294537,1
1.412023706,-1.258948498,1
-0.436592842,0.817296864,1
1.339378368,1.624210091,1
0.054227749,-0.412549386,1
0.943128069,0.548870559,1
-0.914088013,-1.606509873,1
-0.579436204,-0.313302289,1
-1.176732548,-1.436916546,1
-0.725101629,-1.531137192,1
0.162425324,2.512683986,1
-0.163064566,-0.342749577,1
-0.845976806,0.263189872,1
1.334048854,0.291412774,1
-0.367818228,-0.352917777,1
0.111318929,1.505846878,1
-1.301125578,1.892317166,1
-0.155456612,-0.802743445,1
0.522435049,-0.107192567,1
-0.918914092,0.673455712,1
0.230483239,-1.462367638,1
-0.137722144,-1.427097008,1
-0.919681149,-0.779196202,1
0.913277006,0.521671724,1
0.213578329,0.283348499,1
-0.884051576,-0.953439999,1
-0.387286044,-1.503999207,1
0.321532298,0.130142113,1
-1.891341067,0.143565387,1
-0.760169154,2.00935828,1
0.211048846,-0.33117257,1
0.191555719,-0.716292326,1
0.322508516,-0.83236771,1
-0.432366634,1.528365426,1
0.487022612,-1.537764849,1
-0.45198189,0.267322517,1
0.543955212,-0.162500545,1
-1.316229768,-1.146778824,1
1.89212167,-0.800997819,1
-0.598148716,2.141662189,1
-0.51409585,-1.001650869,1
-0.717432924,-0.509780656,1
-1.055522134,-0.162057245,1
1.145800185,2.071983582,1
-0.954190847,-1.100574398,1
-0.25302694,-0.314901398,1
0.156076996,1.623710692,1
0.715306282,-0.372866191,1
2.078402724,0.589248541,1
0.079958743,-0.040469729,1
-1.269024645,0.023429655,1
2.671208022,-1.133606261,1
-0.488202189,-2.279210461,1
-0.607051544,0.583517019,1
-1.114644717,1.314710364,1
-2.006500338,0.480666794,1
0.143901091,0.07189476,1
-0.037237515,-0.034075903,1
1.66454242,-1.356205792,1
-0.637276502,0.757203906,1
0.478617512,0.592301141,1
1.724844919,-1.175883738,1
0.513972871,0.066616689,1
0.244891593,0.136406172,1
0.250822127,-1.125115661,1
-0.031818862,1.790119156,1
0.560718719,-1.626576863,1
-0.180375584,-2.451123282,1
-0.756096719,-1.918698075,1
0.088745741,0.801859597,1
-0.04904722,0.286541658,1
1.268269892,0.562871812,1
-1.8555618,-1.822357165,1
-0.838058649,0.159635719,1
-1.114519628,0.018436409,1
0.456789919,1.128623395,1
-0.507924719,0.034905148,1
0.262657791,0.32602784,1
1.658929006,1.092228694,1
0.705833246,0.774099914,1
-0.104054103,-0.754821002,1
-1.027871466,0.250513276,1
2.069214647,1.067711633,1
-0.382938973,0.466684122,1
-0.822725489,0.32048652,1
1.623667424,0.745488491,1
-0.988381228,0.263488336,1
-0.731755982,-0.044814338,1
-0.509760978,-0.288254801,1
0.177563336,2.033901688,1
0.629702028,-0.278995966,1
-0.703992071,-0.38467482,1
0.362514232,-1.002187321,1
-0.797013253,-0.605530457,1
-2.035523338,1.561041056,1
0.212879277,-0.394570474,1
0.288428291,1.06268359,1
1.689302243,-0.976833747,1
-0.211141891,-0.237345593,1
1.275820055,-1.01461011,1
1.635413007,-0.062327543,1
-0.749594126,-0.877618166,1
0.777976808,-0.204950991,1
0.701095301,-0.443022477,1
-0.589302506,0.548665075,1
0.304624361,-0.319702456,1
-1.184617492,-1.556731374,1
0.159988122,-0.449945101,1
0.036158389,-0.41481849,1
1.178666228,-0.349527889,1
0.118626843,-1.221190011,1
1.437378158,0.759542807,1
-0.938449359,-0.825979649,1
-3.188257733,-0.281462539,1
1.705056635,-0.468749025,1
0.957495076,1.097204115,1
1.139386949,0.207706988,1
-0.688314069,-0.814742064,1
-1.185646385,0.685571338,1
-0.741715469,0.613116597,1
-0.159399224,-1.243855895,1
0.172100738,-0.558600675,1
-0.388255746,0.104581423,1
1.100895424,1.257030418,1
-0.348876762,1.033307067,1
0.187742084,-0.516059264,1
-2.084929266,0.975817446,1
0.418166639,-0.348300528,1
0.334295174,-1.257381431,1
-0.43560091,0.494241113,1
-0.64981261,0.542913835,1
-0.315365456,-0.202099523,1
-1.38385911,0.875050286,1
0.237682499,-1.037067418,1
-2.917683998,-0.303605134,1
0.766745544,0.963994953,1
0.489198762,0.104274574,1
-0.116182173,0.790365628,1
0.466912568,0.800414084,1
-0.591461244,-1.877622226,1
-0.331091262,0.981295745,1
1.077972281,0.77083319,1
-0.560136982,-0.797092442,1
0.514481349,-0.881454439,1
-0.566555581,-0.551356079,1
-0.818361002,0.544506353,1
0.636674194,-1.101545813,1
1.188619335,-0.779120341,1
1.084974514,0.979713379,1
-0.838860309,-1.144696838,1
2.167680557,-2.794528352,1
0.528660723,-2.023334488,1
0.718050378,-0.26967029,1
0.395893819,0.62716699,1
-0.458065556,-0.226008529,1
-1.109056226,-0.441838661,1
1.135426803,-0.025040964,1
0.377915383,-2.314267943,1
-0.416122306,-0.434938213,1
0.001999566,-0.70672599,1
-1.632024444,1.628777581,1
-0.32511234,0.465403223,1
-0.311314247,0.333885622,1
-0.616600826,0.810176954,1
0.413556637,0.040144743,1
-0.773916526,0.229136272,1
0.748558967,0.718629418,1
0.618236268,-1.180347314,1
-0.489505694,0.418900092,1
-0.721696113,0.467162716,1
-0.318271987,-0.935345711,1
1.105096687,0.680784706,1
0.718203537,-0.54563082,1
0.830621754,0.604321186,1
-0.686773407,-0.339539946,1
-0.169157934,-1.964722453,1
-3.538489572,0.466150903,1
0.801541598,0.555327462,1
1.557322451,0.10055231,1
-0.578898488,0.27241762,1
-0.97869872,-0.821303598,1
0.569882972,0.036028967,1
-1.194401849,0.573404538,1
-0.036067011,0.128702031,1
0.758347311,0.113375741,1
-1.483044623,-1.772280321,1
1.241611167,-1.084060277,1
-0.217182146,1.930542453,1
-0.048293668,-1.472067714,1
0.849068692,-1.225434229,1
-1.122646575,-0.428834005,1
-0.44826172,0.708471634,1
0.775052971,-0.978797816,1
0.633972904,-0.344465531,1
0.739195708,-0.887636046,1
0.253830261,-0.050838888,1
0.128104363,-0.258855808,1
-1.282625582,-1.17982079,1
1.614130153,-1.023697506,1
-0.6204319,1.482262229,1
-0.633844179,0.05980321,1
1.957445356,-0.562573058,1
1.42507045,-0.369449203,1
-1.53432093,-0.543612853,1
2.163699596,0.074286445,1
1.44334896,-0.155336375,1
-1.278308314,0.195356853,1
-0.127692168,-1.253135276,1
-0.605315031,0.437920222,1
0.724706536,-0.860289484,1
-0.827866232,0.368211057,1
0.746382854,1.387526966,1
0.48591841,0.513091261,1
-0.851671372,0.120542194,1
0.154475668,-0.520903007,1
-0.857326328,-0.530742389,1
-1.325349546,0.413075818,1
-1.195641731,2.024123249,1
1.520644638,-0.264575787,1
-0.894927758,-0.584630592,1
0.744446417,-0.92037881,1
-0.93530936,-2.55350956,1
-0.318645254,0.811812067,1
-0.767165903,-1.067962119,1
0.221611699,0.7296504,1
-0.055420652,0.22554556,1
0.050702991,-0.675398191,1
2.27017822,0.62528749,1
-2.213700421,0.900071092,1
-0.35268977,-0.45840427,1
-0.261481106,-0.598392986,1
-1.134051903,-0.674350211,1
-1.080450161,-1.220890153,1
-0.106944909,0.690205584,1
-0.274732706,0.698449567,1
0.672336981,1.148001307,1
1.004077249,-0.583221199,1
0.312801273,-0.627843299,1
-0.930257516,-2.53978857,1
0.499102237,-0.747681325,1
-1.537936952,-0.156429644,1
-0.605247913,-1.422915808,1
0.932834228,1.367755872,1
0.077084207,0.750357544,1
-2.051516086,0.864841138,1
-0.443595997,-0.600240998,1
-0.038324606,-0.156691344,1
0.259672951,-0.066001603,1
0.041534907,-0.44709812,1
0.852656273,-1.382598415,1
0.10646417,0.279424634,1
0.542079788,0.12503315,1
2.438103344,0.257408602,1
1.126811101,1.09992971,1
-0.495451464,0.109336056,1
-0.333458139,-0.477191693,1
-0.482185094,-0.239931713,1
0.11994802,2.936825072,1
0.939180638,0.310493392,1
1.380687194,-0.875265583,1
-0.801094178,1.055228611,1
-0.553008895,0.443104091,1
-0.765947646,1.715112592,1
1.528191011,0.296356081,1
1.400716308,-0.369221129,1
0.250362569,0.008702055,1
-0.271264415,1.050184475,1
-0.980096079,-0.921789178,1
-2.116419233,0.2104939,1
0.351680303,0.954050945,1
0.852158592,-0.776035793,1
0.937405254,-0.443511431,1
0.090727709,-1.078392108,1
0.339310033,0.009532061,1
1.207801012,1.546909591,1
-0.550839314,-0.926365197,1
0.998095075,2.999235215,1
0.536072809,-0.513780224,1
-0.685417352,0.164270883,1
-0.982973508,-1.611837956,1
-1.516660503,-1.027768902,1
0.135888582,-1.09233078,1
-0.145235295,-0.495397861,1
-0.750073361,-2.149358453,1
1.193536837,1.254381538,1
0.110905476,1.339558769,1
0.621083711,0.209248977,1
-0.450356021,0.627791086,1
1.296966205,-1.913188223,1
2.491699233,-0.956972067,1
-0.587329865,0.313059584,1
-0.137964577,0.406106372,1
0.763480984,1.312735271,1
0.602531546,0.913459867,1
-2.470643999,-0.418603133,1
-0.850396821,0.565139565,1
0.09523437,-1.064942908,1
0.089639481,0.187936472,1
-1.19215749,-0.639625482,1
-0.30152183,0.628219971,1
0.237212962,-0.435248593,1
-1.995050694,0.156294723,1
-0.030213771,0.370443145,1
-1.820171949,-0.393892699,1
-2.279833252,-1.837527571,1
-1.458271755,0.808918937,1
0.281915198,-1.130239977,1
0.427946569,1.008627665,1
0.237790465,0.165400924,1
-3.110350093,-0.834508756,1
0.185949177,-0.322485441,1
0.212672988,-1.042730587,1
0.137970346,-1.209304928,1
1.134192125,0.475747016,1
0.467599947,-0.368383006,1
2.060298049,-1.363197847,1
0.645793851,-0.376966407,1
-0.824164305,0.188338227,1
1.045839856,0.111033148,1
1.346580498,-0.181057205,1
-0.488839339,-0.274074277,1
1.303848813,-1.029077113,1
1.475136758,1.375351818,1
-0.663240336,0.48268269,1
1.470685677,0.840857593,1
0.030229899,-0.782078494,1
-0.246914499,-1.243386501,1
-1.39178992,-0.768022877,1
-0.74033115,-0.232135835,1
-1.786716009,-1.084256329,1
-0.210272982,1.164676337,1
1.885961145,0.578760524,1
0.125681846,-1.66618823,1
-0.537564078,-1.505786244,1
0.361104034,-2.959598871,1
0.438944597,-0.16510547,1
0.158781704,-1.008054113,1
0.042275938,0.265200829,1
-1.105729986,0.427372003,1
-0.620938268,1.725595812,1
1.265843548,-0.029075081,1
-0.008966946,0.470027436,1
0.376292686,-0.003439435,1
0.012248787,-0.373227169,1
-0.468970693,-0.752053433,1
0.397895822,-1.308902691,1
-0.822982457,1.475767787,1
-1.279133007,-0.338803439,1
0.688901417,-0.02291837,1
-0.277250597,1.096593193,1
-0.534411194,-1.247050503,1
1.107009754,-0.749053666,1
1.183093472,1.768718713,1
-0.567958067,-0.291082239,1
-0.053257953,0.086204668,1
-1.093689221,-0.520939515,1
-1.287800372,0.129742112,1
-0.377762437,-0.140108936,1
-1.213913194,0.861889812,1
1.112688502,0.717714236,1
-3.033049697,0.173539842,1
0.952519738,0.686738478,1
0.116922175,-1.791342037,1
0.865168299,-0.934917775,1
1.122823014,1.709045214,1
2.211872214,0.983858937,1
0.189266393,0.876028228,1
-1.486298939,1.070891854,1
0.028328082,0.78225308,1
0.081441835,1.049051369,1
0.089239162,0.701855217,1
-0.22660525,-0.468694743,1
0.371230374,1.636369048,1
-0.862137964,1.115964826,1
0.044250662,1.322799397,1
-0.370370322,1.562618538,1
0.005159255,-0.18859816,1
-1.240507654,-0.02534177,1
-0.228625267,-0.147805102,1
-0.814632916,-2.056320835,1
-1.257788763,1.79892243,1
-1.697223525,0.723747599,1
-0.337604537,1.84447316,1
-1.277903446,0.045550939,1
1.064025122,1.64907345,1
-1.570913623,0.557503387,1
1.024841692,-0.940666093,1
0.322070629,0.269569398,1
-0.0941888,1.047836715,1
-0.233606922,1.092431042,1
2.849897522,-0.313020705,1
-0.502006559,2.169712436,1
-0.083710047,0.260493562,1
1.176228837,-0.909109463,1
-1.153331503,1.23690925,1
-0.127980762,-0.182229687,1
-0.636075415,-0.946985372,1
1.465776769,-0.373966147,1
-1.306939824,1.335830877,1
0.108975415,-0.937559967,1
0.042660819,-0.116198283,1
0.248823199,0.14662506,1
-0.002751799,1.065872916,1
0.221504699,0.826210672,1
-1.059718322,0.056518485,1
-0.270761992,-0.974488242,1
-1.776337159,0.23201357,1
-0.374772456,-0.336794723,1
0.53412684,1.064544631,1
0.096622893,0.78603983,1
-0.949119744,-1.157312117,1
0.807366652,0.168421339,1
-1.077256139,-0.408998223,1
-1.720203023,-0.34723704,1
0.961573194,-1.117746867,1
-1.212956221,-1.672841714,1
-0.607720671,-0.036956046,1
0.697037361,-0.740716409,1
-1.708242155,-0.629117028,1
-0.494771032,1.3084179,1
-0.61013626,0.621491494,1
-0.473944184,1.49620175,1
-0.222603673,-0.05080284,1
-4.248617579,1.504586186,1
-0.821589519,0.576824119,1
0.480761875,-0.057060272,1
0.957210012,-1.148340824,1
1.886968197,0.693315993,1
-1.442833286,-0.3654396,1
-1.435258348,-1.001248717,1
-1.301394729,0.81229161,1
-0.561373699,0.155634936,1
1.251529024,1.068968706,1
0.341404324,-0.74638497,1
0.424174326,0.50345836,1
0.020164548,0.214468609,1
0.013797503,-1.866850269,1
-0.873956306,0.42641901,1
0.339271806,-0.931048743,1
-1.345095956,0.385423668,1
0.949818125,1.310272643,1
-1.093170363,-0.756492153,1
-1.3125891,1.247626079,1
-1.432377114,0.690604875,1
-1.161781773,-1.712985965,1
-0.572104575,-0.621830502,1
-0.335589755,-0.675681574,1
-0.964481357,-0.87422274,1
-1.852115829,-0.045292159,1
-1.302033379,1.142503278,1
-1.514799021,0.950707244,1
0.814380284,-0.283095955,1
-1.115257948,-0.511123705,1
1.24092165,1.081280601,1
-0.177688888,-0.114743639,1
-0.270471613,-0.010269741,1
0.632471017,-0.14489871,1
-0.591599134,-0.025426505,1
-0.283941288,-1.796777771,1
1.226136413,1.064500462,1
-0.803058494,-0.203144122,1
1.070001173,-0.775407013,1
1.202199066,-0.543300467,1
-1.310021371,1.960001776,1
1.801606376,-0.396884513,1
1.16134598,0.267589736,1
0.763793642,-1.468276992,1
-0.22778209,-0.468051486,1
-0.073720382,0.648835219,1
0.480154351,0.092823296,1
0.465296917,0.509927844,1
2.359571305,-0.60959827,1
-0.753919609,-0.382916805,1
-0.291216507,0.206054405,1
0.782551442,0.133209448,1
0.535421418,-1.155930718,1
-1.050461837,0.898502902,1
-0.590697899,3.287166055,1
0.116082796,-0.62035496,1
1.19628023,0.750739208,1
0.226596627,-2.203606793,1
2.259202642,0.754280355,1
-0.29925995,1.151355113,1
0.125618331,-0.285340846,1
-0.375059402,0.308228275,1
-0.473337628,0.434048451,1
0.759292901,1.48979473,1
0.073227534,0.848057388,1
-1.074914071,1.071036489,1
0.954321555,-0.057219147,1
-0.345489307,-0.911358515,1
-1.173110701,-0.097639086,1
0.700934254,-0.467986689,1
-1.472967094,0.473240983,1
-1.155224976,2.136407082,1
-0.079274628,0.399584678,1
-0.639453054,0.303417316,1
0.532326299,0.264495513,1
-2.438174453,-0.379332823,1
0.151488628,-1.761184436,1
-0.75613405,1.705970406,1
2.463593073,-0.534909781,1
0.669580499,0.32625765,1
-0.823883276,0.36828844,1
-0.393369445,-1.139209813,1
-0.164800154,1.016150158,1
1.703150846,0.033521628,1
-0.595657153,-0.817423639,1
0.665475868,0.369815563,1
0.038805321,-1.383953417,1
0.125199053,0.298412419,1
-0.90887931,0.204327256,1
0.030232388,-0.353871039,1
0.019539987,-0.994365715,1
0.861088155,0.526974826,1
1.524440823,0.55563694,1
1.281816219,0.79380215,1
0.436990038,0.539008064,1
0.522064924,0.12149346,1
-0.200401747,-0.475178174,1
-0.135172522,0.275335868,1
-0.028574785,-0.255151644,1
-0.118464542,-1.589954914,1
0.35863567,0.633752721,1
0.735568263,0.893315201,1
0.507866338,0.267265447,1
1.199354301,2.539735936,1
0.446250799,-1.930426073,1
-1.122391168,-0.49917537,1
-0.002336596,-0.099998861,1
-0.386948508,-0.85690062,1
1.205868653,2.018697062,1
0.892506133,-0.229652829,1
-1.765475348,0.822067727,1
-0.910222705,1.529149727,1
-1.076504981,-1.016649154,1
0.17049299,1.099801302,1
0.236894531,1.187454055,1
0.76514248,-2.121240005,1
1.195188557,0.635357587,1
0.109743139,0.588632838,1
0.342169012,-1.375740679,1
-1.553155779,1.226457915,1
-0.522815847,0.738286028,1
-0.110269653,0.418449538,1
0.717639305,-0.23313328,1
0.740613957,0.917455338,1
-0.551433748,2.112305184,1
-1.749476575,0.838804568,1
-0.357530448,-0.017050426,1
-0.084286152,0.332419162,1
-0.653558849,-0.410668812,1
0.449017811,1.626733148,1
-0.262955596,0.679610799,1
-0.851252851,0.268512327,1
0.646444557,0.917118088,1
-0.326144151,-0.232335362,1
2.42211227,0.228664759,1
1.676192326,-1.199581871,1
-0.783899173,-0.927711676,1
0.674435786,-0.288574225,1
0.296586728,-1.942276188,1
-1.178463299,0.838130357,1
0.228799675,-0.398280905,1
-0.115396231,-0.032679565,1
-0.012546033,-0.138546709,1
-0.424631204,0.529925958,1
0.740400978,-0.584758107,1
0.198491517,0.453849917,1
-0.290223873,0.377962756,1
-0.491104629,1.951062305,1
1.064091189,-1.169969981,1
0.332851076,1.68352633,1
-0.432955597,-1.423577874,1
2.930828795,-0.67179225,1
2.442829348,0.091170711,1
0.832716786,-1.888727507,1
-0.063618187,-1.911541066,1
-1.969719239,1.163614792,1
1.696426185,1.256130536,1
-0.045584793,-0.297469713,1
0.316628417,-1.36755326,1
-1.170068289,0.58565352,1
0.787054943,0.926895359,1
0.646101259,-0.157745343,1
-0.018285989,0.589907425,1
0.804171333,2.221501931,1
-0.46764883,-0.72218435,1
0.078421736,0.300480313,1
0.002987951,3.037413198,1
1.832861978,-0.744708671,1
0.39709533,-0.369614052,1
0.898576224,0.693807611,1
1.389856462,0.97969721,1
-1.277439489,2.317458168,1
1.083585175,-0.212921822,1
0.413135917,-0.051165299,1
0.742546204,-0.032234388,1
-0.611659852,-0.306639536,1
0.895609372,0.991597005,1
1.215284118,-0.346598571,1
0.277749237,-0.344269373,1
0.906016544,0.020939594,1
-0.942040328,-0.642486472,1
0.547661198,0.806049199,1
0.581712807,0.536564089,1
-2.26507165,-0.857903614,1
2.241536644,-0.91222371,1
0.995331343,-2.274731159,1
-0.099241899,0.436040387,1
0.257582376,1.230399894,1
-0.622668821,0.308909548,1
0.774275117,0.146859543,1
-0.789038988,0.118478903,1
-0.585453842,0.760945973,1
-0.339943764,-1.520474276,1
-1.961203286,-0.877520923,1
0.230524772,0.598256633,1
-0.899630008,2.153334407,1
-0.996161422,-1.44399224,1
0.479487354,0.408859099,1
0.931892472,0.467918569,1
1.149030993,0.165999734,1
-0.587276842,-0.127289727,1
1.431217072,-0.356817707,1
-0.223082386,0.340028491,1
0.232623675,0.168107435,1
-1.312569026,0.40127917,1
2.404754476,-0.884918071,1
2.448175141,-1.483493637,1
-0.717801973,-1.136174323,1
0.792594744,-0.635927131,1
-2.442381074,0.0949061,1
0.20918471,-0.917177143,1
0.950429667,-0.111272021,1
0.073945459,1.023373439,1
-0.047615405,-0.292858031,1
-0.970328684,0.46783155,1
-0.506652414,-0.193832483,1
-0.529038214,1.239431504,1
0.174653362,-1.46764871,1
2.888167292,1.915806589,1
-1.161303004,0.249695149,1
-1.924587379,-0.488965348,1
0.778212361,-0.766690486,1
-0.134472954,-0.048980187,1
1.605726925,-0.924665003,1
0.650098254,0.55645689,1
-0.970778492,-0.518624275,1
-1.375625084,-0.032110786,1
0.72186437,-0.731176308,1
0.984486609,0.124861696,1
-0.658463148,0.244233182,1
0.510377861,-0.335355339,1
0.890109714,1.092724201,1
-0.879202326,-2.072735332,1
-0.352474426,1.053533712,1
0.753595728,2.123886804,1
0.43067761,0.061503909,1
-0.876029033,0.403514328,1
0.628347855,-0.009603146,1
0.955270286,-1.17744355,1
0.802048179,0.441843517,1
-1.324839707,-0.464232795,1
-0.406422665,2.752540382,1
-0.054564214,-1.083762927,1
0.707405389,0.572397753,1
0.655202638,-1.128939237,1
-0.060876302,-0.639575955,1
0.035340714,0.055153141,1
0.203431933,-0.536144164,1
0.498939141,-1.530623657,1
0.652764161,1.056416153,1
-1.509584624,0.980487755,1
-1.303424432,-0.51471864,1
0.454203396,0.488735229,1
0.02808419,-0.06455235,1
1.580011155,0.040556513,1
0.133831588,-0.541326536,1
-0.995767899,-0.382499949,1
0.107489955,0.058012474,1
-0.597828889,0.174681364,1
-0.915279257,1.824038274,1
-1.996932695,0.810471923,1
0.425216556,0.847961122,1
0.130714838,-1.350106218,1
0.173621514,2.055016886,1
-0.880681893,-1.043205835,1
-0.112121989,-0.234803202,1
-0.93201,-0.442925789,1
-0.117545764,0.469627895,1
0.968105934,1.189726331,1
-1.11699922,0.205215516,1
0.289129693,-1.033774405,1
0.606646927,0.466165438,1
2.0269355,0.101825054,1
-1.81351699,1.68309325,1
1.353347152,0.540864086,1
1.402516554,0.054931051,1
-0.722699514,-0.115002059,1
1.622236679,1.194552929,1
0.014052824,0.772558972,1
-0.956852866,0.112926645,1
-0.743012958,-1.317070421,1
-0.145752961,-1.028217394,1
2.313136218,-0.12980009,1
-1.500784654,-0.114896106,1
-0.899539548,0.752006513,1
-0.779553663,1.381756034,1
1.275308715,0.624351285,1
-0.424720513,0.666421027,1
-0.766621262,-0.249015474,1
-0.420924464,1.049522632,1
-2.070033265,1.240783588,1
0.253296603,0.832596722,1
-0.984198665,0.568581625,1
-0.144297772,0.628763485,1
-0.009319886,-1.368641016,1
-2.185210302,0.567357318,1
0.120748332,-0.399012749,1
-0.252710275,-0.465328128,1
0.140347208,0.990924341,1
0.171356191,-0.191656833,1
-1.014926519,1.183846133,1
0.951022667,1.436438193,1
-1.113436782,1.13136082,1
-0.447418855,-0.894702572,1
0.876975993,2.318056892,1
0.265223147,0.818540487,1
-0.851629305,-0.083965911,1
-0.3915058,0.644780447,1
1.549826047,-0.340056462,1
0.120821885,0.03225831,1
-1.435031604,0.129714567,1
0.693540181,0.182271924,1
-1.18698296,-2.13024264,1
0.174280044,-1.198624236,1
-0.448031168,0.601476787,1
-0.392360014,-1.086617252,1
0.055156998,0.660250896,1
-0.128082336,-0.236188984,1
1.617183916,1.155171865,1
-2.291913158,0.448410631,1
-0.426913615,0.469093369,1
-0.917920158,1.619648195,1
-1.673412753,0.515015895,1
-0.868246628,0.300564171,1
-0.778625601,0.831371607,1
-0.449582525,-0.21450045,1
0.438044017,1.527037947,1
-1.241944258,-2.109469098,1
-0.227385432,-2.622613652,1
-0.691578604,0.986993228,1
0.578460043,1.059055001,1
1.646552831,-0.107644837,1
-1.290823326,-0.610088531,1
-0.230218654,-0.769387958,1
0.924640182,-1.443683893,1
-1.605724862,0.590507221,1
1.876302111,0.407759381,1
0.217074416,-0.653071977,1
0.436797301,0.472327516,1
-0.461597958,-0.798862891,1
0.219405397,-0.621038587,1
0.098609977,0.315249974,1
-0.535141115,-0.159319913,1
0.048597191,-0.292366873,1
1.880751893,1.108688213,1
1.115547935,-0.094962467,1
1.11136761,-0.07204215,1
-0.455717391,1.559769807,1
-1.075377439,-0.054130379,1
0.9376362,-1.815584813,1
-0.208107405,1.374636146,1
-0.369905332,-1.669557298,1
0.213901321,-0.189445627,1
0.621514029,0.016195775,1
-0.405480259,0.00133552,1
-0.136005356,0.377602284,1
-1.155000561,0.819859301,1
0.928117521,-1.666360698,1
1.747260051,1.059035472,1
-0.144150463,-1.042114288,1
-1.113597912,-0.583044574,1
-0.207490266,0.599224324,1
0.264559045,-0.070577792,1
0.714917678,-1.500562587,1
5.545645649,3.931944463,2
4.853055691,2.654604059,2
2.214102383,2.516300897,2
4.42460901,3.003327952,2
1.744426789,3.544299215,2
2.564584955,2.406795773,2
3.093490217,1.841702999,2
2.006276448,4.343128119,2
6.118633596,5.334480235,2
2.838652667,4.022421305,2
2.885747979,2.709920704,2
2.341489628,2.452260394,2
2.075676468,2.84878599,2
4.524972821,1.447260933,2
3.212407555,3.5520372,2
1.554489507,1.255519089,2
2.148364733,3.134519511,2
2.516488367,3.967473588,2
2.187043466,2.967615856,2
5.09686845,3.874413574,2
4.968830874,2.595887843,2
2.390240001,4.004147693,2
-0.669284746,3.742631813,2
2.876396174,4.585440317,2
1.836622416,2.351845913,2
3.459656844,2.266002808,2
1.262331315,2.924548876,2
1.487685346,3.088234822,2
4.360507542,0.99788349,2
4.104590141,2.052205982,2
3.861004154,4.362509189,2
1.371910922,2.83775456,2
3.379003686,3.265780864,2
3.047722536,3.362687436,2
0.546275716,3.041575283,2
4.705702205,5.309654298,2
5.109075686,2.758377703,2
1.642063629,4.12204652,2
2.560237971,1.666411272,2
3.526385754,4.448167228,2
2.791151939,1.444229165,2
0.836074794,2.211724331,2
3.929335149,4.301576269,2
4.609641723,2.913719549,2
3.161392816,3.972106127,2
5.700280091,2.391013649,2
1.321505345,4.006500309,2
1.705340016,3.087691846,2
2.05966211,2.588239137,2
4.410213494,3.898004682,2
5.824864812,2.597943402,2
2.995317664,3.196154463,2
3.778636607,2.417030826,2
2.745560918,3.267732829,2
0.989656525,3.152160195,2
2.607713429,3.432191885,2
6.684920555,2.618814661,2
3.915076945,2.271197191,2
2.382506354,3.078076827,2
4.954439263,3.26806172,2
3.613817472,2.660439126,2
4.268618048,2.980463917,2
0.58937523,3.470795856,2
1.969561665,3.34204296,2
2.862923494,3.993597916,2
5.30998877,4.407916696,2
3.132264105,2.372517504,2
2.049566686,1.266934323,2
2.828794831,1.478760684,2
1.930543083,2.174639272,2
3.453385914,3.438007603,2
3.140646609,1.744137134,2
3.714928633,3.584153708,2
1.700369971,2.306481027,2
4.871263868,4.388417224,2
1.037202431,1.931027991,2
2.549041768,3.774160301,2
1.892688501,2.408736214,2
4.248301946,3.526620983,2
2.578556583,2.354285705,2
2.624058161,3.717062796,2
4.597613359,2.463520393,2
2.424452993,4.088325483,2
3.704720394,4.552268141,2
2.176578868,1.385399961,2
1.870041804,3.421115116,2
2.917680743,3.528773138,2
4.354424622,2.792332415,2
2.642336046,1.494531848,2
2.439837393,3.905339177,2
3.8434779,0.853170521,2
3.216717351,2.843804168,2
0.705954504,4.465829929,2
3.879215979,3.36684322,2
2.788806745,2.954866134,2
4.529792145,2.543811743,2
2.006997886,2.106483735,2
4.076894965,3.213952233,2
1.302821971,4.121883893,2
5.22369233,5.724853187,2
0.013086128,2.587159159,2
2.378413951,3.701089913,2
3.593554062,2.90309633,2
4.788733514,3.591291261,2
4.120877049,3.940837808,2
3.828008192,1.611645955,2
4.651814697,3.656761804,2
2.54588758,2.374758025,2
2.865628093,3.430615805,2
3.58918085,3.647024444,2
1.041333994,1.284673734,2
-0.538991429,1.898833709,2
4.978640181,2.189614717,2
2.711423931,3.239778843,2
3.617569952,3.195172741,2
0.595911282,3.498239452,2
4.568978794,3.633217918,2
0.722198948,4.366874764,2
3.660017791,2.981049629,2
5.133695681,3.14550442,2
4.907604588,2.940621772,2
2.61326316,3.300466162,2
4.367821695,2.031415493,2
2.909339824,2.315548367,2
2.301881536,3.389711716,2
2.037776237,2.846814796,2
0.107005082,1.54039931,2
0.850529153,4.235113225,2
3.248355312,2.958189913,2
0.850181198,2.364239805,2
2.106856495,2.094445438,2
4.321646299,3.15135765,2
3.317242125,2.908607459,2
2.523130201,2.990067608,2
3.542336349,3.051234897,2
0.175189309,2.293954595,2
3.306581533,2.046151278,2
3.165713286,2.424663167,2
0.530826351,1.52324888,2
4.839439281,1.318906989,2
0.782610276,2.661602856,2
4.081686654,1.998393045,2
2.50810041,4.612851489,2
2.255194448,0.539575911,2
2.206573554,4.440970011,2
2.360250343,4.01626157,2
1.423751964,2.813497041,2
1.785096715,2.008416631,2
1.966752934,1.243354574,2
4.003798395,3.706903189,2
1.225152225,2.646275214,2
3.062567082,2.594304407,2
3.40351833,4.399576919,2
0.954980506,4.161845477,2
5.162342549,3.617808779,2
0.232358886,0.741911806,2
2.977358358,3.490139172,2
0.936749163,3.738491368,2
3.044435546,1.898066934,2
2.405725375,1.719703899,2
2.339117381,3.224079996,2
1.859120304,1.076423922,2
3.495632636,3.131188625,2
2.303960722,1.900072128,2
2.492979899,3.791329112,2
4.465819914,1.805982256,2
4.731271852,3.975230327,2
3.973403803,1.92750014,2
2.662490271,3.831098672,2
3.529397175,1.728381423,2
1.899018522,1.261825314,2
2.314425101,2.868196887,2
1.206118111,3.062444249,2
2.038203726,4.04332497,2
1.575186833,3.414768525,2
1.397623708,2.596760456,2
2.649131727,2.18977092,2
4.800236487,3.490791982,2
2.339359025,1.153851851,2
4.596994604,2.028318459,2
3.670989146,3.253639703,2
3.061836158,2.734434065,2
2.650762966,3.900310052,2
2.978090411,4.230841247,2
7.925277877,3.18976623,2
4.546701248,4.840077613,2
3.992518812,1.820757206,2
4.518235032,1.575475213,2
2.802099818,4.563711427,2
5.189182553,1.395509921,2
3.838365646,1.99434926,2
3.2825242,2.250053878,2
1.437155872,3.168513195,2
2.006782342,3.048332142,2
2.796843274,4.762957671,2
2.139546757,2.362659441,2
1.780454735,3.486027386,2
2.810696386,3.222720114,2
6.560509508,3.411966896,2
2.872562348,4.000895524,2
5.681989971,2.857603774,2
2.652630699,3.932457117,2
3.099322921,3.662888763,2
2.582166286,1.247180034,2
4.349541785,3.921053238,2
4.404890321,2.06119921,2
3.323206457,2.49665333,2
6.232196551,5.257908445,2
5.958833521,2.449663908,2
2.696004331,2.266602222,2
4.839919607,4.035691926,2
4.232248662,2.665449293,2
1.247745742,2.525621937,2
2.831256012,1.999927196,2
4.143458529,3.460530828,2
5.031691028,3.162701327,2
2.19410988,1.892857734,2
1.646349758,2.375330909,2
0.808247612,1.92135557,2
2.338183037,1.94720716,2
1.636076578,2.973799728,2
2.994843896,3.497107879,2
2.359626052,4.559511883,2
4.224293964,3.874805475,2
3.257963946,3.051658022,2
3.852205905,2.49562279,2
1.342028481,0.894242897,2
2.512125675,0.202712496,2
2.741487435,2.820591057,2
1.867145585,3.586957913,2
2.772542777,4.584120425,2
3.408575317,2.816388205,2
3.000550552,1.986265133,2
4.80180417,2.125763361,2
1.990978707,3.199557156,2
2.582453842,4.995794484,2
2.835086045,2.859767863,2
3.97680671,1.626007219,2
3.587475802,1.49302427,2
0.80948626,4.171942208,2
1.282099491,2.890205628,2
3.521888543,2.761032004,2
3.537949595,2.587393052,2
3.659984326,3.1925968,2
2.918863518,2.608224346,2
5.111322183,2.277074113,2
4.01079505,3.068500404,2
-0.167377255,2.297181147,2
-0.694037487,3.924794634,2
1.540781383,3.566856164,2
4.15745177,4.271634114,2
3.302965282,2.621285734,2
2.691103012,2.620278885,2
4.023093319,3.540725478,2
5.382561861,2.16805281,2
2.868932735,3.976277669,2
7.390433235,3.811403264,2
3.454459726,2.798308155,2
3.83660736,2.442647431,2
1.75453103,1.143268173,2
3.210525618,1.449680189,2
3.841647334,2.201743317,2
1.906534924,3.831062268,2
2.813943468,3.668110811,2
4.324552753,3.570915147,2
2.944908674,2.210664441,2
4.161044304,3.016650922,2
3.707382492,4.169739462,2
2.615787957,3.007995668,2
4.016869841,2.219973504,2
1.83445387,0.741164416,2
1.801031499,3.347191353,2
1.137764424,2.603176986,2
2.258817184,2.427119071,2
3.606547221,0.73162778,2
2.004716789,2.788882654,2
1.903375731,2.98538223,2
3.304471792,4.210644978,2
2.228068518,4.226111957,2
1.810562039,2.945201423,2
1.819902566,2.639259567,2
1.164072219,3.492005515,2
3.834643756,2.806126612,2
-0.342590706,3.369009889,2
2.932346015,3.707863761,2
3.111605748,2.036096712,2
4.159417612,3.078911037,2
3.505197568,3.345569427,2
3.452811346,2.442358899,2
5.025298194,1.071060396,2
0.637116751,3.555316042,2
1.668643471,0.766788066,2
1.48806582,4.169424728,2
2.241982306,3.503695171,2
1.201805356,5.014271907,2
4.516275454,4.006253357,2
3.049827857,2.852208074,2
2.994118085,1.986720284,2
3.44394866,3.844033231,2
2.057020669,1.305542154,2
0.410938573,2.891263597,2
2.615375582,2.736699512,2
2.868254346,2.057789937,2
2.393941696,4.213299536,2
6.905384328,3.565899792,2
2.964507059,3.004752718,2
2.296891096,2.02417485,2
5.556894578,5.088652708,2
2.912997051,2.327634621,2
4.369791173,3.235524748,2
3.222145967,1.618813311,2
1.698851878,2.175216227,2
5.166187312,1.890592372,2
2.691803124,2.178345322,2
3.531632905,1.680027942,2
0.581889542,4.046966027,2
5.465653575,4.189943486,2
3.823562246,2.708010722,2
5.60596972,5.027641195,2
2.768309521,1.065983975,2
3.331749026,3.062704951,2
1.09537755,3.153321761,2
2.951713018,3.705852373,2
1.750242179,3.078553998,2
2.631416474,1.992383338,2
1.855822437,3.052767216,2
3.063652721,5.098751621,2
4.432882275,2.344897981,2
4.29516159,2.707023011,2
1.531525849,1.416952241,2
3.489034231,2.759703989,2
-1.99919709,3.479188785,2
2.594673645,4.93016136,2
3.533881065,1.586793465,2
3.114197257,3.699365921,2
5.730498272,3.618189182,2
4.895432644,3.189743096,2
4.707130287,3.385237512,2
2.365938532,3.264079288,2
1.356702239,3.565268714,2
3.266295913,0.675246294,2
3.38413613,2.101313764,2
2.585218341,2.334211451,2
4.643853126,3.949698679,2
2.803507227,1.655884559,2
3.932351799,2.598313983,2
6.659179131,2.959349683,2
2.93273109,5.442639542,2
3.358157227,3.703309854,2
1.671909787,2.428165945,2
3.525361113,2.379758442,2
2.959693343,2.628511608,2
3.846734986,1.956301555,2
3.820482733,3.329514889,2
1.857222145,3.304034265,2
2.686225547,2.259624662,2
3.750182722,4.146506207,2
0.971591993,3.923481205,2
3.201062711,2.520173445,2
2.506881737,2.066360635,2
2.750446704,4.0340511,2
2.842574757,2.581825424,2
0.691531401,2.498595831,2
2.370773747,4.882687489,2
4.386491587,3.024228364,2
0.36804309,2.842538732,2
4.061809307,1.896158448,2
5.585353185,2.689617447,2
2.435053485,0.761332158,2
3.971510496,0.567317424,2
0.069069298,1.857091431,2
4.401470625,1.931318427,2
0.869401377,2.293252939,2
3.448515417,3.943051851,2
2.477732036,2.168598041,2
2.648229725,3.866813901,2
5.15758271,2.236294192,2
5.466446551,3.735866538,2
3.739565267,1.019357291,2
2.790501493,3.25817449,2
2.5938113,2.271235249,2
3.191176821,2.276855093,2
0.223620668,1.279486322,2
2.511491815,4.39929595,2
5.988530789,3.379830769,2
1.113660545,3.261386342,2
5.023621832,3.932048284,2
4.809494423,2.818355082,2
3.433391007,1.875600956,2
2.592685362,3.965675368,2
3.723896535,2.803313808,2
6.19557935,2.996439151,2
2.732218789,4.327262007,2
5.612522626,2.122324361,2
3.682078046,2.793579008,2
2.937414901,2.560199329,2
5.201494002,1.438605864,2
1.976288719,3.960384409,2
2.942187046,3.131416527,2
3.255326811,2.45557588,2
3.127201169,2.402336048,2
4.873922041,3.644464166,2
3.834507781,4.734433768,2
2.680163996,1.065967654,2
1.509337245,3.675932756,2
1.958113792,4.050499729,2
4.294445575,3.911455788,2
4.680920028,4.384302976,2
5.250671263,5.411488972,2
2.240825903,2.002166419,2
1.875114736,3.567116085,2
4.819907973,3.321568832,2
2.26511618,2.50440506,2
4.756467839,3.10616422,2
-1.303265187,4.035360104,2
3.324239394,2.720442577,2
3.827363334,4.760810136,2
2.943427706,3.53424878,2
1.370366498,3.106628074,2
2.676415147,2.803928371,2
3.68666893,3.225516769,2
2.564212032,2.43877864,2
4.084531087,4.896589414,2
4.003128061,2.652513673,2
3.553931243,2.531751678,2
2.86365657,4.586227996,2
2.057636226,1.794361807,2
2.070832622,2.368741917,2
5.690124805,3.452635312,2
1.021473816,0.974712541,2
1.627855704,2.990596796,2
2.318641737,3.075946321,2
4.611924838,2.25204886,2
2.247686044,3.33881313,2
1.55638839,2.409929681,2
1.566001876,2.254692206,2
4.050215855,3.101906011,2
4.293108365,2.890944714,2
2.408987991,4.244843875,2
4.410603727,2.071753931,2
2.900672029,2.554461737,2
4.340990808,-0.103587896,2
2.068733902,3.285350578,2
5.999672695,2.381125209,2
3.848922029,2.97210955,2
2.96662935,4.188470129,2
3.339808523,3.642069429,2
1.664627033,2.122503415,2
1.230952932,2.881891885,2
0.876330845,3.648416911,2
-1.120458733,2.13087804,2
3.294800473,3.707498012,2
5.766418927,5.459140381,2
1.752858853,1.157412348,2
2.95581281,4.93401188,2
1.784078335,2.742104351,2
2.409128666,2.001742915,2
3.816908565,0.531044741,2
3.901063189,3.240932143,2
5.012308859,3.586939647,2
0.736237561,3.490546858,2
3.709978241,3.577962086,2
4.688531167,2.036221252,2
2.331979921,3.124007907,2
4.353012808,2.882536826,2
1.992071254,3.317661035,2
4.217125402,3.165057641,2
2.064083024,3.599333687,2
1.493728802,3.205923231,2
3.635355821,3.14167739,2
5.631035495,2.543630377,2
3.365868962,3.254955301,2
5.758214193,0.558636382,2
6.122804871,2.068155988,2
2.913387497,3.099469121,2
3.530746045,3.5723084,2
6.201092424,1.932817408,2
2.290560783,2.840181679,2
3.795262855,1.946097954,2
3.253416722,3.303168258,2
3.190701253,2.551595504,2
0.984376972,1.883290289,2
3.12003173,1.725932862,2
3.201604232,5.008962868,2
2.523109324,3.57003047,2
4.608048288,4.500617351,2
0.099097699,3.807135847,2
2.287518155,1.826708209,2
3.987211053,4.654242237,2
5.171359821,2.949447859,2
3.295652733,4.077977426,2
4.026404636,0.714443132,2
3.313475209,2.02243229,2
3.293964385,2.641731982,2
3.772914097,2.712864486,2
1.165795921,4.228932009,2
2.447677388,3.004860501,2
2.943899678,2.405737137,2
1.754104829,2.752280978,2
4.282212445,3.644399542,2
3.141330369,2.916314552,2
1.411772641,3.482366196,2
1.369299172,2.666537555,2
1.047835622,1.516455119,2
1.672379454,4.735671839,2
2.291750502,4.805788857,2
2.761895806,4.045942286,2
2.493561072,3.498776996,2
1.730633679,3.020115204,2
4.962864602,3.588519296,2
3.271028304,1.215163683,2
4.675622584,3.696533095,2
2.205606474,4.297877622,2
1.897673357,2.906794198,2
3.004506419,5.056527735,2
2.536843271,2.657990091,2
3.413038528,3.998740683,2
5.053396914,1.30408427,2
2.641060107,3.592145203,2
4.156211183,5.071059861,2
1.868790217,1.030986612,2
1.391806202,4.515796677,2
3.803882847,2.442696498,2
1.016385175,2.924285138,2
3.757648598,2.453194356,2
3.568212591,2.338812041,2
1.374767427,3.531477337,2
5.124749754,3.336889202,2
3.54862015,2.475563777,2
1.444921928,1.252172366,2
0.241799573,2.954232077,2
2.344475506,2.384503238,2
2.684874554,3.870238209,2
3.131151664,0.607463108,2
3.441275712,3.197742989,2
5.476477616,3.742694186,2
1.955720603,4.471620007,2
3.390046213,2.77125345,2
3.031943743,2.618759484,2
3.178691983,2.508087102,2
1.15248808,1.899247301,2
4.447515593,2.875963022,2
1.461410561,2.778296862,2
1.372326282,2.330784392,2
0.62983675,3.175758993,2
5.011729525,3.412079852,2
3.821311041,2.938740736,2
2.931237588,2.669324966,2
3.134737533,3.496651749,2
3.769618581,3.604366304,2
1.674913939,4.205264715,2
2.19234388,4.113855003,2
2.445541589,3.631746509,2
4.560609932,3.177335028,2
2.512258942,0.814486157,2
2.753610292,2.845989404,2
4.093291577,4.327736789,2
2.512071596,0.291578667,2
4.300342915,1.718962459,2
3.55682098,1.220516074,2
3.583108412,3.704330302,2
2.333567219,2.869971461,2
5.259790992,1.290294529,2
4.191874846,3.152262698,2
2.586461319,3.76757342,2
5.286741653,4.420289465,2
0.886077337,4.538548305,2
1.47452977,3.290671193,2
0.976365856,4.831018086,2
0.008600242,2.91977361,2
4.368951931,2.044475585,2
2.352294647,3.065201004,2
1.187030024,3.610936282,2
2.911486409,3.212612631,2
1.943133013,2.547176506,2
4.142068342,3.244795787,2
4.281510965,3.048683504,2
4.675517909,2.409995941,2
6.139983719,4.709312036,2
5.229991686,3.89576987,2
4.154424954,4.608883975,2
2.961005422,3.456662842,2
1.013650648,1.521694306,2
2.363555892,5.211200357,2
0.807585915,1.884606287,2
2.709396361,4.308526578,2
3.047856824,2.929764016,2
4.062915596,3.430363784,2
3.467976984,3.575508046,2
1.662308938,1.874400301,2
4.110012878,1.099438886,2
0.273159907,1.684169319,2
2.215662388,0.59024138,2
3.95155092,3.687569724,2
4.336666992,2.539580451,2
0.81323523,3.095591675,2
2.495227392,1.145494759,2
1.543068738,1.30641613,2
4.270260193,3.808132349,2
5.351379328,1.716087249,2
2.086345514,3.058745994,2
1.709745187,1.585357569,2
2.071820341,3.720086067,2
5.344667244,3.41040026,2
2.260727123,5.248272606,2
2.92579415,4.972750501,2
1.020461188,3.902432718,2
4.118281392,3.255727799,2
4.781407208,4.835745223,2
3.219899376,3.136957402,2
0.502936026,2.837352927,2
1.158055777,3.388966893,2
1.961646679,3.547180458,2
3.411495822,1.930717688,2
1.20035935,2.239351057,2
2.13324741,4.269983916,2
1.911135728,4.151305882,2
2.834015163,3.741760863,2
1.529172709,2.068406316,2
5.028016996,2.120459487,2
1.942858016,1.495276115,2
3.759493448,3.996862471,2
4.208203069,2.093589004,2
3.298689078,3.826531176,2
6.217088208,3.819465838,2
2.008851348,3.156905392,2
2.302979362,3.22695371,2
3.832776279,5.198666885,2
6.009020414,3.040021104,2
3.494554189,1.775982049,2
-0.560203103,1.571405673,2
4.550597922,4.700153028,2
3.064236935,3.423913965,2
4.18664289,2.778120306,2
4.726534733,3.537701611,2
1.149771209,1.205592206,2
2.485450948,1.727045191,2
3.08631355,1.267216878,2
2.415921124,4.022138926,2
3.887104308,3.528420388,2
4.408363136,2.459612887,2
3.77383593,2.381829263,2
3.175560924,1.180327609,2
1.886188417,3.794275509,2
1.845713747,3.66133396,2
2.132189516,1.915423246,2
4.119189577,3.507477259,2
3.804352141,1.63215983,2
3.263059698,3.283654952,2
1.092512335,3.57961761,2
2.859955922,1.466535631,2
3.705786421,3.033538933,2
1.431124662,0.362400567,2
4.907026238,1.460771661,2
3.283689141,3.660945733,2
0.788420855,2.843463514,2
3.269914804,2.999605666,2
0.739033402,2.301641363,2
2.705029328,1.263299695,2
4.319546424,3.454278087,2
2.022465865,1.615859389,2
1.265769654,0.789046178,2
1.491460326,2.209516383,2
3.29904063,4.570249404,2
0.902996827,4.009155008,2
7.419815044,1.663452656,2
1.957505318,2.464740573,2
3.082286034,3.555131168,2
1.079318306,2.820302641,2
3.617082449,1.227050577,2
1.888372185,2.638944226,2
4.775291686,3.968373515,2
2.880271175,2.852388175,2
2.969214083,3.630158218,2
4.47579259,2.980084163,2
2.84862782,3.443611628,2
4.124353863,4.254330582,2
1.215907231,4.299036394,2
3.155680534,2.864747906,2
4.392572146,2.934552146,2
3.450964536,0.848116129,2
3.281286767,4.472456638,2
3.444257821,2.970363467,2
6.503503616,3.496654852,2
1.518276529,2.320959963,2
4.027062185,4.158169307,2
2.615184733,3.496133401,2
3.538663763,3.210170988,2
1.631183035,3.29013771,2
3.222197378,1.629155615,2
3.645571819,3.611449284,2
1.799834268,2.883984526,2
2.683126564,3.611318083,2
5.438867315,2.578779756,2
5.205817263,3.101783253,2
2.082879455,3.742426758,2
2.800144065,3.299195481,2
4.596611045,1.787282871,2
2.779958885,4.005871432,2
0.782848454,4.154227853,2
3.483878241,3.573737962,2
3.421389896,2.689833023,2
3.866557479,1.192932614,2
1.549464663,0.494853373,2
2.20527561,4.304850357,2
2.879037288,3.888678263,2
3.528540273,4.018644609,2
0.858806051,0.795140257,2
4.133689564,3.029482435,2
3.214328115,3.307656371,2
5.044449309,3.436569173,2
8.192076964,2.592098298,2
2.821218933,3.34614927,2
1.841116023,2.65478868,2
1.558110618,3.318516121,2
2.445052697,2.131639353,2
5.194533561,4.360874023,2
1.541598265,2.883809148,2
6.865035728,2.695776279,2
1.531674775,1.043009224,2
3.48994503,3.392466778,2
0.573740602,2.776324389,2
1.078486027,1.047252896,2
3.3034607,3.067376477,2
1.801665042,1.416627145,2
5.105032811,1.551969199,2
2.119050326,3.086736864,2
4.311840627,3.223512858,2
2.152202597,1.727115914,2
-2.142135305,3.212057108,2
4.602967313,2.405163409,2
3.615754626,3.828884259,2
2.81528293,1.897029193,2
2.693415821,3.058100859,2
4.5309777,1.634234297,2
0.851090953,2.926292885,2
2.74113832,3.000919453,2
4.435806475,3.191158151,2
1.828454916,4.070320159,2
3.242647683,4.598055758,2
2.636053522,3.240247996,2
3.730246333,4.138748455,2
1.046050724,3.293169069,2
4.175882369,1.693570629,2
0.637023156,2.020621056,2
4.134713859,4.053354183,2
3.086049802,2.803354007,2
3.356887129,2.641976748,2
0.83870682,4.126838777,2
3.460090483,3.203072376,2
2.962344671,3.664278216,2
2.717012383,2.570145321,2
1.128583726,3.710875473,2
5.350900644,3.225501674,2
4.595050067,4.103446222,2
4.451022605,3.431155797,2
4.377688431,2.913179559,2
0.532411846,2.42525955,2
1.708623837,2.928468987,2
4.615616004,1.956330776,2
5.962790669,2.333416481,2
3.558927989,1.295304391,2
2.998900909,3.440004104,2
4.135316211,3.278811895,2
2.080556459,2.035745506,2
2.527365213,2.972598266,2
1.166495948,2.87237224,2
3.236743224,2.574837788,2
2.620264208,2.409643488,2
4.660090709,2.954229977,2
4.941853412,4.367871183,2
1.993930843,2.903767597,2
1.740989345,1.733025118,2
3.109020679,2.959130905,2
3.288504731,3.532640934,2
1.710642479,2.769834094,2
2.077865417,2.503640336,2
3.171821594,1.625423839,2
2.831250664,3.542884175,2
3.311058696,2.969754697,2
-0.209421336,3.481586751,2
2.92432565,3.065708089,2
2.319246451,3.644492207,2
2.414208708,3.041927063,2
2.956869548,2.392420509,2
2.792712157,2.875112822,2
3.501024127,2.443185298,2
3.813211673,1.441132004,2
2.493828728,2.663983626,2
2.436880911,2.304654954,2
0.779247326,1.345784298,2
3.357801735,3.387353561,2
1.327762954,3.410263631,2
2.041195874,3.435589632,2
2.689152446,3.001943358,2
1.354320952,2.719416282,2
4.480997541,3.051715689,2
3.144327285,2.549858216,2
3.842172843,3.40578121,2
3.149955728,4.337126737,2
3.446305577,3.742101438,2
2.519009873,3.527081311,2
2.343200331,3.87168136,2
5.175305589,3.40345844,2
4.702040098,5.218333156,2
3.642143852,3.37996824,2
2.75972261,2.746403643,2
1.833997482,1.817421452,2
0.708578354,3.862045245,2
4.740334475,2.653505645,2
2.806564306,2.464145514,2
4.178872341,3.252747251,2
5.087561813,3.007579591,2
0.940366433,3.012761189,2
1.904675511,2.752782833,2
2.590949769,3.404459434,2
2.01154139,3.351720713,2
1.296228441,3.854048821,2
3.10469059,4.325715897,2
2.297583635,2.814242035,2
2.107256883,1.680410685,2
3.031405194,3.993078511,2
3.399910454,2.139070167,2
1.732565159,4.809118577,2
2.794882619,5.020255225,2
1.735759693,2.841791797,2
2.659151211,1.367751566,2
3.602157543,3.516414582,2
2.826594486,3.705725926,2
2.261827477,3.538532391,2
0.554657258,3.009555868,2
3.097384504,3.817230344,2
2.375582038,2.636777411,2
3.282704114,3.017472557,2
4.355348126,3.459788952,2
3.386314286,2.578646598,2
1.560260659,3.136143011,2
1.68996885,1.511045307,2
3.302693139,1.669757232,2
1.904034498,3.256238376,2
3.072820405,2.445988428,2
1.628792115,1.671616808,2
3.672950609,2.180021341,2
2.311791181,2.898600321,2
2.312572606,3.635864828,2
-0.015006086,2.298646233,2
2.389705146,1.895338236,2
3.16460146,2.186694621,2
2.855449996,2.677434235,2
3.340825591,2.613579664,2
5.93774527,2.855312485,2
0.459242407,3.39777082,2
2.108775355,2.442618098,2
5.610648878,3.604758372,2
4.013042274,2.476207038,2
4.470430735,1.457550621,2
3.532375667,3.348953089,2
4.081923076,1.089513147,2
2.54146735,3.452706268,2
4.35439948,4.198539555,2
0.632208558,1.671092659,2
3.583093491,2.483831283,2
4.558817784,5.359109678,2
3.791654126,3.855555892,2
3.358916759,2.671137227,2
4.250000106,3.093449248,2
2.927534856,1.840150056,2
2.524880687,2.244359272,2
4.56504671,2.827871147,2
-0.12621659,4.346393094,2
2.531467008,1.227643512,2
4.536645096,1.465365188,2
2.203345047,2.458386256,2
3.168203342,3.818475372,2
4.511305273,5.320008748,2
4.366642787,2.131174505,2
2.875413447,4.138450668,2
-0.802139311,3.59917133,2
3.433939875,5.214638023,2
3.026568544,1.603909737,2
0.848719643,1.417913068,2
4.283658721,3.016793314,2
1.93762009,3.15638424,2
4.992525402,2.160277728,2
1.896940204,2.675035259,2
4.309984039,4.014264123,2
1.463320849,1.4072039,2
4.772882851,2.729601723,2
2.743999825,2.861541872,2
3.041522266,3.380773033,2
0.320702299,2.64326492,2
3.598037768,3.32749332,2
3.731866992,0.934616802,2
3.091267787,2.617848288,2
3.347539958,2.495002315,2
4.537603111,3.138170401,2
4.685229585,3.798059713,2
3.296164284,0.842343668,2
5.967604438,1.982511802,2
1.930396219,3.677154126,2
2.865166071,4.62113109,2
5.031751347,3.918694546,2
3.516443646,4.903327727,2
3.501897014,3.522085475,2
2.485334877,4.403998174,2
1.153542445,1.641077906,2
5.171090102,3.672251474,2
0.662944893,2.678736868,2
4.03198067,1.179614108,2
4.687894037,2.426452633,2
3.061177394,3.116638006,2
0.179113911,2.358222513,2
1.789868644,2.002586961,2
3.977974354,4.129382855,2
1.815224695,4.770095522,2
4.734515612,3.449220709,2
4.18987779,2.443927666,2
2.476129952,1.82631444,2
1.77609086,1.217929904,2
3.327204659,2.626786464,2
3.027354463,1.247859606,2
3.055142772,1.441352364,2
4.704125768,3.826806513,2
3.708097533,2.981176692,2
5.312938363,4.583609506,2
0.961886237,1.800820834,2
1.450224527,2.739286662,2
4.549077186,2.709151842,2
0.919598407,2.601297508,2
1.802227586,3.176299203,2
1.680064504,2.743245957,2
3.353028053,3.413004932,2
2.829635083,3.864915987,2
4.575209641,3.851364043,2
4.332877126,2.99338806,2
3.879756453,3.004375591,2
1.659663773,2.937961427,2
1.975908379,2.664119275,2
2.507817804,5.617847828,2
1.477413071,3.586137147,2
0.980473594,4.138292517,2
1.479323262,3.395460265,2
1.754846253,1.620276506,2
3.745164969,2.179778872,2
3.483668992,2.167374863,2
2.147244842,2.731130613,2
1.54420232,3.44584687,2
2.882846413,4.361957455,2
2.675766129,2.889989016,2
1.675617279,3.530368647,2
2.384380387,3.945370609,2
4.269419987,4.538003494,2
2.258826461,3.360556391,2
5.235679022,1.831314841,2
4.315063262,2.772112864,2
3.945825346,4.049908827,2
3.30255739,2.576602008,2
0.812032478,4.538487406,2
1.71518498,4.377669786,2
2.996495283,2.213464757,2
4.314325988,5.447662241,2
3.802822793,2.286019475,2
3.743176074,4.539023264,2
2.107687065,4.665318359,2
1.49173925,1.40314226,2
3.329714089,2.629241226,2
2.047148285,3.171518427,2
1.851553503,2.853725691,2
2.13483949,1.90698579,2
4.615043194,3.611765644,2
4.166453824,2.254625581,2
3.050345673,3.596965587,2
2.950901593,4.382401889,2
3.793604799,3.736484574,2
3.280992776,1.793482782,2
1.68714437,3.13927773,2
1.77010589,5.233599786,2
2.563770769,2.044204837,2
5.087184759,4.301856651,2
2.942485487,2.228935876,2
3.643151279,3.116621648,2
2.559330004,3.946990879,2
4.338444059,3.067377395,2
3.477868281,2.762321194,2
3.337332299,3.024095388,2
1.127375362,2.974821192,2
3.779141579,4.201558269,2
2.163189231,2.580079452,2
4.798815272,3.556659976,2
3.109136013,3.234494627,2
3.065482124,2.390857845,2
2.066567867,2.216129828,2
3.881163615,1.831040396,2
1.86923047,2.994792904,2
5.102398839,3.844967341,2
5.08955211,3.007407664,2
5.890399961,1.470482295,2
1.520837934,1.487233411,2
2.916975997,1.358743867,2
1.170959692,2.151437235,2
